service,keyword,avg_monthly_searches,competition,low_top_cpc,high_top_cpc
water-damage-restoration,water restoration near me,590,MEDIUM,46.34,110.0
water-damage-restoration,water damage restoration near me,590,MEDIUM,46.34,110.0
water-damage-restoration,water damage restoration services near me,590,MEDIUM,46.34,110.0
water-damage-restoration,water damage restoration companies near me,590,MEDIUM,46.34,110.0
water-damage-restoration,water damage restoration service near me,590,MEDIUM,46.34,110.0
water-damage-restoration,water damage restoration,320,MEDIUM,41.65,101.57
water-damage-restoration,water damage restoration service,320,LOW,0.0,0.0
water-damage-restoration,water restoration services,320,LOW,0.0,0.0
water-damage-restoration,restoration services water damage,320,LOW,0.0,0.0
water-damage-restoration,water damage and restoration,320,MEDIUM,41.65,101.57
water-damage-restoration,restoration of water damage,320,MEDIUM,41.65,101.57
water-damage-restoration,water restoration damage,320,MEDIUM,41.65,101.57
water-damage-restoration,damage restoration water,320,MEDIUM,41.65,101.57
water-damage-restoration,water damage & restoration,320,MEDIUM,41.65,101.57
water-damage-restoration,water restoration restoration,320,MEDIUM,41.65,101.57
water-damage-restoration,water restoration companies,140,LOW,9.42,80.0
water-damage-restoration,restoration company water damage,140,LOW,9.42,80.0
water-damage-restoration,water damage and restoration companies,140,LOW,9.42,80.0
water-damage-restoration,cracks in basement floor leaking water,140,LOW,0.0,0.0
water-damage-restoration,restoration water damage companies,140,LOW,9.42,80.0
water-damage-restoration,water and restoration companies,140,LOW,9.42,80.0
water-damage-restoration,flood restoration near me,90,HIGH,0.0,0.0
water-damage-restoration,flood restoration companies near me,90,HIGH,0.0,0.0
water-damage-restoration,water damage repair,70,LOW,0.0,0.0
water-damage-restoration,water restoration,70,HIGH,49.99,110.0
water-damage-restoration,water and restoration,70,HIGH,49.99,110.0
water-damage-restoration,water damage and repair,70,LOW,0.0,0.0
water-damage-restoration,water mitigation,50,HIGH,32.63,100.0
water-damage-restoration,roof leak,50,MEDIUM,17.16,75.76
water-damage-restoration,24 7 flood & fire,40,LOW,0.0,0.0
water-damage-restoration,water remediation,30,HIGH,51.44,117.67
water-damage-restoration,water damage clean up,30,MEDIUM,0.0,0.0
water-damage-restoration,water damage near me,30,HIGH,0.0,0.0
water-damage-restoration,water mitigation company,20,HIGH,0.0,0.0
water-damage-restoration,water damage ceiling,20,MEDIUM,50.0,100.0
water-damage-restoration,water restoration companies near me,20,HIGH,0.0,0.0
water-damage-restoration,water damage companies near me,20,HIGH,0.0,0.0
water-damage-restoration,servpro water restoration,20,LOW,0.0,0.0
water-damage-restoration,fire water restoration,20,HIGH,8.55,53.73
water-damage-restoration,water leak ceiling,20,MEDIUM,17.24,50.0
water-damage-restoration,water damage pros,20,LOW,13.98,30.0
water-damage-restoration,24 hour flood pros,20,MEDIUM,20.85,71.47
water-damage-restoration,water damage professional,20,LOW,13.98,30.0
water-damage-restoration,ceiling damage from water,20,MEDIUM,50.0,100.0
water-damage-restoration,water damage to hardwood floors,20,MEDIUM,0.0,0.0
water-damage-restoration,servpro water damage restoration,20,LOW,0.0,0.0
water-damage-restoration,water damage to wood floors,20,MEDIUM,0.0,0.0
water-damage-restoration,1800water damage,20,MEDIUM,8.63,40.61
water-damage-restoration,premier emergency water removal,20,LOW,0.0,0.0
water-damage-restoration,leakage on the ceiling,20,MEDIUM,28.49,80.0
water-damage-restoration,mold water fire damage restoration,20,LOW,0.0,0.0
water-damage-restoration,flood cleanup,10,MEDIUM,0.0,0.0
water-damage-restoration,water damage restoration federal way,10,HIGH,26.68,100.0
water-damage-restoration,water damage repair federal way,10,UNSPECIFIED,0.0,0.0
water-damage-restoration,water removal services,10,MEDIUM,0.0,0.0
water-damage-restoration,water remediation near me,10,HIGH,0.0,0.0
water-damage-restoration,servpro water damage,10,LOW,0.0,0.0
water-damage-restoration,basement flood clean up,10,LOW,0.0,0.0
water-damage-restoration,flood clean up services,10,LOW,0.0,0.0
water-damage-restoration,basement flooding repair,10,HIGH,0.0,0.0
water-damage-restoration,flood cleaning services,10,UNSPECIFIED,0.0,0.0
water-damage-restoration,water damage cleanup near me,10,LOW,0.0,0.0
water-damage-restoration,water mitigation near me,10,HIGH,0.0,0.0
water-damage-restoration,serv pro water damage,10,UNSPECIFIED,0.0,0.0
water-damage-restoration,water mitigation company near me,10,HIGH,0.0,0.0
water-damage-restoration,water damage companies,10,LOW,0.0,0.0
water-damage-restoration,water clean up services,10,HIGH,0.0,0.0
water-damage-restoration,water damage repair near me,10,MEDIUM,0.0,0.0
water-damage-restoration,water removal services near me,10,UNSPECIFIED,0.0,0.0
water-damage-restoration,24 7 restoration,10,HIGH,0.0,0.0
water-damage-restoration,water cleanup near me,10,LOW,0.0,0.0
water-damage-restoration,restoration water damage experts,10,HIGH,0.0,0.0
water-damage-restoration,water remediation company,10,HIGH,0.0,0.0
water-damage-restoration,flood cleanup near me,10,UNSPECIFIED,0.0,0.0
water-damage-restoration,mitigation company near me,10,HIGH,0.0,0.0
water-damage-restoration,emergency water clean up,10,LOW,0.0,0.0
water-damage-restoration,water damage mitigation,10,MEDIUM,0.0,0.0
water-damage-restoration,sewage cleanup in basement,10,UNSPECIFIED,0.0,0.0
water-damage-restoration,ceiling water damage repair,10,MEDIUM,45.0,111.0
water-damage-restoration,carpet flooding clean up,10,UNSPECIFIED,0.0,0.0
water-damage-restoration,home water damage repair,10,UNSPECIFIED,0.0,0.0
water-damage-restoration,sewage cleanup near me,10,UNSPECIFIED,0.0,0.0
water-damage-restoration,emergency water removal services,10,UNSPECIFIED,0.0,0.0
water-damage-restoration,basement water cleanup,10,MEDIUM,0.0,0.0
water-damage-restoration,flooded carpet drying,10,UNSPECIFIED,0.0,0.0
water-damage-restoration,water clean up companies,10,LOW,0.0,0.0
water-damage-restoration,flood remediation near me,10,HIGH,0.0,0.0
water-damage-restoration,flood cleaning services near me,10,UNSPECIFIED,0.0,0.0
water-damage-restoration,water damage remediation near me,10,HIGH,0.0,0.0
water-damage-restoration,water damage contractor,10,LOW,0.0,0.0
water-damage-restoration,flood remediation company,10,HIGH,0.0,0.0
water-damage-restoration,carpet water damage,10,LOW,0.0,0.0
water-damage-restoration,water damage restoration cost,10,MEDIUM,0.0,0.0
water-damage-restoration,emergency water removal near me,10,LOW,0.0,0.0
water-damage-restoration,water damage services near me,10,UNSPECIFIED,0.0,0.0
water-damage-restoration,flood cleanup company,10,UNSPECIFIED,0.0,0.0
water-damage-restoration,basement flooding repair near me,10,UNSPECIFIED,0.0,0.0
water-damage-restoration,water damage ceiling repair near me,10,UNSPECIFIED,0.0,0.0
water-damage-restoration,fire and water restoration,10,HIGH,0.0,0.0
water-damage-restoration,service master water damage,10,UNSPECIFIED,0.0,0.0
water-damage-restoration,water leak restoration,10,MEDIUM,0.0,0.0
water-damage-restoration,emergency sewage cleanup,10,LOW,0.0,0.0
water-damage-restoration,water damaged floor repair,10,LOW,0.0,0.0
water-damage-restoration,emergency water cleanup near me,10,LOW,0.0,0.0
water-damage-restoration,drywall water damage repair,10,HIGH,0.0,0.0
water-damage-restoration,flood restoration companies,10,UNSPECIFIED,0.0,0.0
water-damage-restoration,servpro water mitigation,10,LOW,0.0,0.0
water-damage-restoration,best water damage restoration near me,10,UNSPECIFIED,0.0,0.0
water-damage-restoration,service pro water damage,10,HIGH,0.0,0.0
water-damage-restoration,water damage ceiling repair cost,10,MEDIUM,0.0,0.0
water-damage-restoration,basement leak repair cost,10,LOW,0.0,0.0
water-damage-restoration,water removal near me,10,HIGH,0.0,0.0
water-damage-restoration,water damage contractors near me,10,UNSPECIFIED,0.0,0.0
water-damage-restoration,emergency water damage repair,10,UNSPECIFIED,0.0,0.0
water-damage-restoration,water remediation company near me,10,UNSPECIFIED,0.0,0.0
water-damage-restoration,emergency water damage,10,MEDIUM,0.0,0.0
water-damage-restoration,flood restoration services,10,LOW,0.0,0.0
water-damage-restoration,fire and water damage restoration companies near me,10,UNSPECIFIED,0.0,0.0
water-damage-restoration,basement water damage repair,10,UNSPECIFIED,0.0,0.0
water-damage-restoration,water clean up service near me,10,UNSPECIFIED,0.0,0.0
water-damage-restoration,water damage specialist near me,10,UNSPECIFIED,0.0,0.0
water-damage-restoration,emergency water restoration,10,LOW,0.0,0.0
water-damage-restoration,emergency basement flooding service,10,UNSPECIFIED,0.0,0.0
water-damage-restoration,water damage floor repair cost,10,HIGH,0.0,0.0
water-damage-restoration,raw sewage cleanup,10,UNSPECIFIED,0.0,0.0
water-damage-restoration,water damage carpet cleaning,10,UNSPECIFIED,0.0,0.0
water-damage-restoration,fire and flood restoration,10,HIGH,0.0,0.0
water-damage-restoration,hardwood floor repair water damage,10,HIGH,0.0,0.0
water-damage-restoration,ceiling water damage repair near me,10,UNSPECIFIED,0.0,0.0
water-damage-restoration,water damage house repair costs,10,HIGH,0.0,0.0
water-damage-restoration,water damage wall repair,10,UNSPECIFIED,0.0,0.0
water-damage-restoration,repair drywall ceiling water damage,10,UNSPECIFIED,0.0,0.0
water-damage-restoration,servpro water damage cost,10,HIGH,0.0,0.0
water-damage-restoration,sewage cleanup,10,LOW,0.0,0.0
water-damage-restoration,damage restoration service,10,UNSPECIFIED,0.0,0.0
water-damage-restoration,flood cleanup services near me,10,UNSPECIFIED,0.0,0.0
water-damage-restoration,carpet water damage repair,10,UNSPECIFIED,0.0,0.0
water-damage-restoration,leaking ceiling repair,10,UNSPECIFIED,0.0,0.0
water-damage-restoration,emergency water damage cleanup near me,10,UNSPECIFIED,0.0,0.0
water-damage-restoration,water damage repair cost,10,HIGH,0.0,0.0
water-damage-restoration,restoration after water damage,10,UNSPECIFIED,0.0,0.0
water-damage-restoration,water damage experts,10,UNSPECIFIED,0.0,0.0
water-damage-restoration,remediation water damage,10,HIGH,0.0,0.0
water-damage-restoration,water mitigation services near me,10,UNSPECIFIED,0.0,0.0
water-damage-restoration,911 water restoration,10,UNSPECIFIED,0.0,0.0
water-damage-restoration,water mold fire restoration,10,UNSPECIFIED,0.0,0.0
water-damage-restoration,water extraction company near me,10,HIGH,0.0,0.0
water-damage-restoration,servpro sewage cleanup cost,10,UNSPECIFIED,0.0,0.0
water-damage-restoration,flooded basement repair cost,10,HIGH,0.0,0.0
water-damage-restoration,flood water removal services,10,UNSPECIFIED,0.0,0.0
water-damage-restoration,emergency water restoration near me,10,UNSPECIFIED,0.0,0.0
water-damage-restoration,home water damage repair near me,10,HIGH,0.0,0.0
water-damage-restoration,24 7 water damage restoration,10,HIGH,0.0,0.0
water-damage-restoration,sewage cleanup services near me,10,HIGH,0.0,0.0
water-damage-restoration,restoration companies near me water damage,10,UNSPECIFIED,0.0,0.0
water-damage-restoration,residential water damage restoration,10,HIGH,0.0,0.0
water-damage-restoration,24 hour restoration,10,HIGH,19.08,46.3
water-damage-restoration,flooded crawl space,10,HIGH,0.0,0.0
water-damage-restoration,flooded basement cleanup cost,10,UNSPECIFIED,0.0,0.0
water-damage-restoration,water removal company near me,10,UNSPECIFIED,0.0,0.0
water-damage-restoration,water removal companies,10,HIGH,0.0,0.0
water-damage-restoration,water damage remediation companies,10,UNSPECIFIED,0.0,0.0
water-damage-restoration,ceiling water leak repair near me,10,UNSPECIFIED,0.0,0.0
water-damage-restoration,water intrusion repair,10,HIGH,0.0,0.0
water-damage-restoration,24 7 flood response,10,UNSPECIFIED,0.0,0.0
water-damage-restoration,cost to repair drywall ceiling water damage,10,UNSPECIFIED,0.0,0.0
water-damage-restoration,water mitigation services,10,LOW,0.0,0.0
water-damage-restoration,water damage specialists,10,HIGH,0.0,0.0
water-damage-restoration,carpet flood restoration,10,UNSPECIFIED,0.0,0.0
water-damage-restoration,restoration water damage near me,10,UNSPECIFIED,0.0,0.0
water-damage-restoration,24 hour water damage restoration,10,UNSPECIFIED,0.0,0.0
water-damage-restoration,emergency flood services near me,10,UNSPECIFIED,0.0,0.0
water-damage-restoration,water damage mitigation near me,10,MEDIUM,0.0,0.0
water-damage-restoration,flood repair contractors,10,UNSPECIFIED,0.0,0.0
water-damage-restoration,leak restoration services,10,UNSPECIFIED,0.0,0.0
water-damage-restoration,home restoration water damage,10,UNSPECIFIED,0.0,0.0
water-damage-restoration,water mitigation cost,10,UNSPECIFIED,0.0,0.0
water-damage-restoration,ceiling water leak repair,10,MEDIUM,0.0,0.0
water-damage-restoration,fix ceiling water damage,10,MEDIUM,45.0,111.0
water-damage-restoration,flooding restoration near me,10,LOW,0.0,0.0
water-damage-restoration,water leak remediation,10,HIGH,0.0,0.0
water-damage-restoration,best water restoration companies near me,10,HIGH,0.0,0.0
water-damage-restoration,ceiling repair after water damage,10,HIGH,0.0,0.0
water-damage-restoration,water damage repair company,10,LOW,0.0,0.0
water-damage-restoration,water restoration services near me,10,UNSPECIFIED,0.0,0.0
water-damage-restoration,water cleanup company near me,10,UNSPECIFIED,0.0,0.0
water-damage-restoration,emergency water damage cleanup,10,UNSPECIFIED,0.0,0.0
water-damage-restoration,basement water cleanup near me,10,UNSPECIFIED,0.0,0.0
water-damage-restoration,flat roof leaks in heavy rain,10,UNSPECIFIED,0.0,0.0
water-damage-restoration,flooded basement help,10,UNSPECIFIED,0.0,0.0
water-damage-restoration,basement flooding clean up service,10,LOW,0.0,0.0
water-damage-restoration,flood and fire restoration,10,UNSPECIFIED,0.0,0.0
water-damage-restoration,bathroom water damage repair,10,HIGH,0.0,0.0
water-damage-restoration,crawl space sewage cleanup,10,UNSPECIFIED,0.0,0.0
water-damage-restoration,water remediation cost,10,UNSPECIFIED,0.0,0.0
water-damage-restoration,basement restoration water damage,10,UNSPECIFIED,0.0,0.0
water-damage-restoration,drywall water damage,10,LOW,0.0,0.0
water-damage-restoration,house water damage repair,10,UNSPECIFIED,0.0,0.0
water-damage-restoration,damage restoration companies,10,LOW,0.0,0.0
water-damage-restoration,wet ceiling repair,10,UNSPECIFIED,0.0,0.0
water-damage-restoration,water damage removal,10,UNSPECIFIED,0.0,0.0
water-damage-restoration,stanley steemer water restoration,10,UNSPECIFIED,0.0,0.0
water-damage-restoration,24 7 water restoration,10,UNSPECIFIED,0.0,0.0
water-damage-restoration,restoration companies in my area,10,UNSPECIFIED,0.0,0.0
water-damage-restoration,fire and water restoration near me,10,UNSPECIFIED,0.0,0.0
water-damage-restoration,water restoration cost,10,HIGH,0.0,0.0
water-damage-restoration,water leak cleanup company,10,UNSPECIFIED,0.0,0.0
water-damage-restoration,carpet cleaning after water damage,10,UNSPECIFIED,0.0,0.0
water-damage-restoration,interior water damage repair,10,UNSPECIFIED,0.0,0.0
water-damage-restoration,flooded basement cleaning,10,UNSPECIFIED,0.0,0.0
water-damage-restoration,water abatement company near me,10,HIGH,0.0,0.0
water-damage-restoration,water damage help,10,LOW,0.0,0.0
water-damage-restoration,basement water remediation,10,UNSPECIFIED,0.0,0.0
water-damage-restoration,wet drywall repair,10,HIGH,0.0,0.0
water-damage-restoration,water damage repair contractors near me,10,HIGH,0.0,0.0
water-damage-restoration,damage restoration,10,LOW,0.0,0.0
water-damage-restoration,24 hour water restoration,10,UNSPECIFIED,0.0,0.0
water-damage-restoration,water damage wall repair cost,10,UNSPECIFIED,0.0,0.0
water-damage-restoration,water damage emergency clean up,10,UNSPECIFIED,0.0,0.0
water-damage-restoration,mold and water damage repair,10,HIGH,0.0,0.0
water-damage-restoration,foundation water damage repair cost,10,HIGH,0.0,0.0
water-damage-restoration,crawl space sewage cleanup cost,10,HIGH,0.0,0.0
water-damage-restoration,crack in basement wall leaking water,10,MEDIUM,0.0,0.0
water-damage-restoration,water damage clean,10,UNSPECIFIED,0.0,0.0
water-damage-restoration,water and fire damage restoration,10,MEDIUM,0.0,0.0
water-damage-restoration,restoration cleaning company,10,HIGH,0.0,0.0
water-damage-restoration,bathroom floor repair water damage,10,HIGH,9.83,42.28
water-damage-restoration,sewage cleanup service,10,HIGH,0.0,0.0
water-damage-restoration,repair water damaged wood,10,LOW,0.0,0.0
water-damage-restoration,flooded home repair,10,UNSPECIFIED,0.0,0.0
water-damage-restoration,fire and water restoration companies near me,10,UNSPECIFIED,0.0,0.0
water-damage-restoration,water damage repair contractors,10,LOW,0.0,0.0
water-damage-restoration,flood restoration services near me,10,UNSPECIFIED,0.0,0.0
water-damage-restoration,repair water damage engineered wood floor,10,UNSPECIFIED,0.0,0.0
water-damage-restoration,home water leak repair,10,LOW,0.0,0.0
water-damage-restoration,water damage cleanup companies,10,LOW,0.0,0.0
water-damage-restoration,basement flood cleaning service,10,LOW,0.0,0.0
water-damage-restoration,water leak in wall repair cost,10,MEDIUM,0.0,0.0
water-damage-restoration,water remediation services,10,LOW,0.0,0.0
water-damage-restoration,emergency flood service,10,LOW,0.0,0.0
water-damage-restoration,water damage basement repair cost,10,UNSPECIFIED,0.0,0.0
water-damage-restoration,contractor for water damage,10,UNSPECIFIED,0.0,0.0
water-damage-restoration,professional flood clean up,10,UNSPECIFIED,0.0,0.0
water-damage-restoration,best water damage restoration company,10,HIGH,0.0,0.0
water-damage-restoration,carpet flood cleaning,10,UNSPECIFIED,0.0,0.0
water-damage-restoration,water leak damage repair,10,UNSPECIFIED,0.0,0.0
water-damage-restoration,water damage floor repair near me,10,UNSPECIFIED,0.0,0.0
water-damage-restoration,water damage reconstruction,10,UNSPECIFIED,0.0,0.0
water-damage-restoration,roof repair water damage,10,UNSPECIFIED,0.0,0.0
water-damage-restoration,water leak on carpet,10,LOW,0.0,0.0
water-damage-restoration,24 hour water clean up,10,LOW,0.0,0.0
water-damage-restoration,roof water leak repair near me,10,UNSPECIFIED,0.0,0.0
water-damage-restoration,basement flooding remediation,10,UNSPECIFIED,0.0,0.0
water-damage-restoration,fire water restoration services,10,HIGH,0.0,0.0
water-damage-restoration,sewage cleanup companies near me,10,UNSPECIFIED,0.0,0.0
water-damage-restoration,drywall leak repair,10,UNSPECIFIED,0.0,0.0
water-damage-restoration,water mitigation and restoration,10,UNSPECIFIED,0.0,0.0
water-damage-restoration,water damage drying company,10,UNSPECIFIED,0.0,0.0
water-damage-restoration,basement flood cleanup near me,10,UNSPECIFIED,0.0,0.0
water-damage-restoration,water and mold restoration,10,HIGH,0.0,0.0
water-damage-restoration,belfor water restoration,10,HIGH,0.0,0.0
water-damage-restoration,water extraction companies,10,HIGH,0.0,0.0
water-damage-restoration,service pro flood cleanup,10,UNSPECIFIED,0.0,0.0
water-damage-restoration,drywall water damage repair near me,10,UNSPECIFIED,0.0,0.0
water-damage-restoration,servicemaster water mitigation,10,HIGH,0.0,0.0
water-damage-restoration,leak damage repair,10,UNSPECIFIED,0.0,0.0
water-damage-restoration,servpro water remediation,10,LOW,0.0,0.0
water-damage-restoration,emergency water mitigation,10,UNSPECIFIED,0.0,0.0
water-damage-restoration,water damage assessment near me,10,UNSPECIFIED,0.0,0.0
water-damage-restoration,servpro fire and water restoration,10,UNSPECIFIED,0.0,0.0
water-damage-restoration,basement water mitigation,10,UNSPECIFIED,0.0,0.0
water-damage-restoration,water leak restoration company,10,UNSPECIFIED,0.0,0.0
water-damage-restoration,fire flood restoration,10,HIGH,0.0,0.0
water-damage-restoration,water damage fix,10,UNSPECIFIED,0.0,0.0
water-damage-restoration,paul davis mold remediation,10,HIGH,0.0,0.0
water-damage-restoration,flood repair company,10,UNSPECIFIED,0.0,0.0
water-damage-restoration,reconstruction after water damage,10,UNSPECIFIED,0.0,0.0
water-damage-restoration,contractor to fix water damage,10,UNSPECIFIED,0.0,0.0
water-damage-restoration,flood damage house repair,10,UNSPECIFIED,0.0,0.0
water-damage-restoration,servpro water,10,UNSPECIFIED,0.0,0.0
water-damage-restoration,wall water damage,10,MEDIUM,39.86,100.0
water-damage-restoration,fire water damage restoration company,10,MEDIUM,0.0,0.0
water-damage-restoration,water damage recovery,10,HIGH,0.0,0.0
water-damage-restoration,fire and water restoration companies,10,LOW,0.0,0.0
water-damage-restoration,water leak damage,10,UNSPECIFIED,0.0,0.0
water-damage-restoration,mold and water remediation,10,MEDIUM,0.0,0.0
water-damage-restoration,water fire restoration companies,10,LOW,0.0,0.0
water-damage-restoration,servpro water removal,10,LOW,0.0,0.0
water-damage-restoration,stanley steemer water damage,10,UNSPECIFIED,0.0,0.0
water-damage-restoration,water fire restoration,10,HIGH,0.0,0.0
water-damage-restoration,water remediation services near me,10,UNSPECIFIED,0.0,0.0
water-damage-restoration,flooded basement clean up near me,10,UNSPECIFIED,0.0,0.0
water-damage-restoration,restoration fire and water,10,UNSPECIFIED,0.0,0.0
water-damage-restoration,best water mitigation company near me,10,UNSPECIFIED,0.0,0.0
water-damage-restoration,flood damage cleanup near me,10,LOW,0.0,0.0
water-damage-restoration,house water damage restoration,10,UNSPECIFIED,0.0,0.0
water-damage-restoration,mitigation restoration company,10,UNSPECIFIED,0.0,0.0
water-damage-restoration,fix leak in ceiling,10,UNSPECIFIED,0.0,0.0
water-damage-restoration,emergency flood restoration services,10,UNSPECIFIED,0.0,0.0
water-damage-restoration,water restoration contractors near me,10,UNSPECIFIED,0.0,0.0
water-damage-restoration,best water restoration companies,10,HIGH,0.0,0.0
water-damage-restoration,iicrc water damage restoration,10,UNSPECIFIED,0.0,0.0
water-damage-restoration,water damage mitigation company,10,LOW,0.0,0.0
water-damage-restoration,companies that repair water damage,10,LOW,0.0,0.0
water-damage-restoration,dec fire and water restoration,10,UNSPECIFIED,0.0,0.0
water-damage-restoration,contractor water damage,10,LOW,0.0,0.0
water-damage-restoration,companies that clean up water damage,10,UNSPECIFIED,0.0,0.0
water-damage-restoration,leak restoration,10,UNSPECIFIED,0.0,0.0
water-damage-restoration,residential water damage,10,UNSPECIFIED,0.0,0.0
water-damage-restoration,servicemaster fire and water restoration,10,UNSPECIFIED,0.0,0.0
water-damage-restoration,fix flooded basement,10,HIGH,0.0,0.0
water-damage-restoration,roof and water damage repair,10,UNSPECIFIED,0.0,0.0
water-damage-restoration,sewage cleanup company,10,UNSPECIFIED,0.0,0.0
water-damage-restoration,wood floor water damage repair,10,HIGH,0.0,0.0
water-damage-restoration,leaking ceiling repair cost,10,MEDIUM,0.0,0.0
water-damage-restoration,water damaged floorboards,10,MEDIUM,0.0,0.0
water-damage-restoration,broken water pipe repair,10,UNSPECIFIED,0.0,0.0
water-damage-restoration,attic water damage repair,10,UNSPECIFIED,0.0,0.0
water-damage-restoration,water damage restoration and repair,10,UNSPECIFIED,0.0,0.0
water-damage-restoration,replacing drywall after water damage,10,MEDIUM,0.0,0.0
water-damage-restoration,ceiling water leak repair cost,10,UNSPECIFIED,0.0,0.0
water-damage-restoration,ampm water restoration,10,UNSPECIFIED,0.0,0.0
water-damage-restoration,flood damage companies,10,UNSPECIFIED,0.0,0.0
water-damage-restoration,basement cleanup services,10,UNSPECIFIED,0.0,0.0
water-damage-restoration,window water damage repair,10,UNSPECIFIED,0.0,0.0
water-damage-restoration,water damage clean up near me,10,UNSPECIFIED,0.0,0.0
water-damage-restoration,moisture remediation company,10,HIGH,0.0,0.0
water-damage-restoration,carpet restoration water damage,10,UNSPECIFIED,0.0,0.0
water-damage-restoration,water removal basement,10,LOW,0.0,0.0
water-damage-restoration,professional water damage restoration services,10,UNSPECIFIED,0.0,0.0
water-damage-restoration,basement water removal companies,10,UNSPECIFIED,0.0,0.0
water-damage-restoration,servpro cost water damage,10,UNSPECIFIED,0.0,0.0
water-damage-restoration,hardwood water damage repair,10,HIGH,0.0,0.0
water-damage-restoration,water damage help near me,10,HIGH,0.0,0.0
water-damage-restoration,restoration 1 water damage experts,10,UNSPECIFIED,0.0,0.0
water-damage-restoration,repair roof leak from inside,10,UNSPECIFIED,0.0,0.0
water-damage-restoration,water damage drywall repair near me,10,UNSPECIFIED,0.0,0.0
water-damage-restoration,remediation for water damage,10,HIGH,0.0,0.0
water-damage-restoration,mold and drywall repair near me,10,UNSPECIFIED,0.0,0.0
water-damage-restoration,yelp water damage restoration,10,UNSPECIFIED,0.0,0.0
water-damage-restoration,drywall water damage repair cost,10,HIGH,0.0,0.0
water-damage-restoration,water restoration cleanup,10,UNSPECIFIED,0.0,0.0
water-damage-restoration,minor ceiling water damage,10,MEDIUM,0.0,0.0
water-damage-restoration,water damage home restoration,10,UNSPECIFIED,0.0,0.0
water-damage-restoration,water damage mitigation cost,10,UNSPECIFIED,0.0,0.0
water-damage-restoration,water extraction and remediation,10,UNSPECIFIED,0.0,0.0
water-damage-restoration,mitigation for water damage,10,UNSPECIFIED,0.0,0.0
water-damage-restoration,water damage foundation repair,10,UNSPECIFIED,0.0,0.0
water-damage-restoration,water damage mitigation services,10,LOW,0.0,0.0
water-damage-restoration,drywall and mold repair,10,UNSPECIFIED,0.0,0.0
water-damage-restoration,sewage cleanup cost,10,UNSPECIFIED,0.0,0.0
water-damage-restoration,local water restoration companies,10,UNSPECIFIED,0.0,0.0
water-damage-restoration,water damage repair services,10,MEDIUM,0.0,0.0
water-damage-restoration,sheetrock water damage,10,LOW,0.0,0.0
water-damage-restoration,drywall mold repair,10,UNSPECIFIED,0.0,0.0
water-damage-restoration,drywall repair after water damage,10,HIGH,0.0,0.0
water-damage-restoration,fire and water cleanup restoration,10,UNSPECIFIED,0.0,0.0
water-damage-restoration,water mitigation contractor,10,UNSPECIFIED,0.0,0.0
water-damage-restoration,damage restoration near me,10,UNSPECIFIED,0.0,0.0
water-damage-restoration,flood damage carpet,10,UNSPECIFIED,0.0,0.0
water-damage-restoration,24 7 water damage,10,UNSPECIFIED,0.0,0.0
water-damage-restoration,water damage cleanup cost,10,HIGH,0.0,0.0
water-damage-restoration,fire water cleanup restoration,10,UNSPECIFIED,0.0,0.0
water-damage-restoration,emergency water damage service,10,UNSPECIFIED,0.0,0.0
water-damage-restoration,local water damage restoration,10,UNSPECIFIED,0.0,0.0
water-damage-restoration,water leak drywall repair,10,HIGH,0.0,0.0
water-damage-restoration,wood rot from water damage,10,UNSPECIFIED,0.0,0.0
water-damage-restoration,puroclean restoration specialists,10,UNSPECIFIED,0.0,0.0
water-damage-restoration,emergency basement leak repair,10,UNSPECIFIED,0.0,0.0
water-damage-restoration,water damage cleaning company,10,UNSPECIFIED,0.0,0.0
water-damage-restoration,water restoration and repair,10,UNSPECIFIED,0.0,0.0
water-damage-restoration,water mold restoration,10,HIGH,0.0,0.0
water-damage-restoration,water damage on ceiling repair,10,MEDIUM,45.0,111.0
water-damage-restoration,water damage from roof leak,10,MEDIUM,0.0,0.0
water-damage-restoration,sewage water removal,10,UNSPECIFIED,0.0,0.0
water-damage-restoration,24 hour water damage,10,UNSPECIFIED,0.0,0.0
water-damage-restoration,emergency water damage restoration,10,LOW,0.0,0.0
water-damage-restoration,bathroom ceiling leaking,10,MEDIUM,26.88,59.57
water-damage-restoration,flood damage contractors,10,UNSPECIFIED,0.0,0.0
water-damage-restoration,moisture remediation near me,10,UNSPECIFIED,0.0,0.0
water-damage-restoration,emergency water damage company,10,LOW,0.0,0.0
water-damage-restoration,water mold and fire restoration,10,UNSPECIFIED,0.0,0.0
water-damage-restoration,service pro water restoration,10,UNSPECIFIED,0.0,0.0
water-damage-restoration,fire and water damage,10,UNSPECIFIED,0.0,0.0
water-damage-restoration,water ceiling damage repair,10,MEDIUM,45.0,111.0
water-damage-restoration,basement water restoration,10,UNSPECIFIED,0.0,0.0
water-damage-restoration,water damage clean up company,10,UNSPECIFIED,0.0,0.0
water-damage-restoration,repair bathroom wall water damage,10,UNSPECIFIED,0.0,0.0
water-damage-restoration,water damage to floor,10,UNSPECIFIED,0.0,0.0
water-damage-restoration,fix water leak in wall,10,UNSPECIFIED,0.0,0.0
water-damage-restoration,24 7 flood,10,UNSPECIFIED,0.0,0.0
water-damage-restoration,fix water damaged wood floor,10,HIGH,0.0,0.0
water-damage-restoration,water damage cleanup company near me,10,UNSPECIFIED,0.0,0.0
water-damage-restoration,repair popcorn ceiling water damage,10,UNSPECIFIED,0.0,0.0
water-damage-restoration,water damage drying,10,LOW,0.0,0.0
water-damage-restoration,rainbow water mitigation,10,UNSPECIFIED,0.0,0.0
water-damage-restoration,water damage ceiling cost,10,HIGH,0.0,0.0
water-damage-restoration,professional sewage cleanup,10,HIGH,0.0,0.0
water-damage-restoration,911 water damage,10,UNSPECIFIED,0.0,0.0
water-damage-restoration,bathroom water damage repair cost,10,UNSPECIFIED,0.0,0.0
water-damage-restoration,exterior wall water damage repair,10,UNSPECIFIED,0.0,0.0
water-damage-restoration,emergency water removal,10,LOW,0.0,0.0
water-damage-restoration,floor damage repair,10,UNSPECIFIED,0.0,0.0
water-damage-restoration,bathroom ceiling leak repair cost,10,UNSPECIFIED,0.0,0.0
water-damage-restoration,emergency damage restoration,10,UNSPECIFIED,0.0,0.0
water-damage-restoration,fix water pipe leak,10,LOW,0.0,0.0
water-damage-restoration,service pro water mitigation,10,UNSPECIFIED,0.0,0.0
water-damage-restoration,water damage to house,10,HIGH,0.0,0.0
water-damage-restoration,24 7 mold remediation,10,UNSPECIFIED,0.0,0.0
water-damage-restoration,fix water damaged wood,10,LOW,0.0,0.0
water-damage-restoration,rainbow water restoration,10,UNSPECIFIED,0.0,0.0
water-damage-restoration,flood restoration contractors,10,UNSPECIFIED,0.0,0.0
water-damage-restoration,water damaged wood,10,LOW,0.0,0.0
water-damage-restoration,fix water leak in ceiling,10,MEDIUM,0.0,0.0
water-damage-restoration,sewage water cleanup,10,UNSPECIFIED,0.0,0.0
water-damage-restoration,moisture damage repair,10,UNSPECIFIED,0.0,0.0
water-damage-restoration,flood damage remediation,10,UNSPECIFIED,0.0,0.0
water-damage-restoration,water leak in roof,10,HIGH,16.42,85.0
water-damage-restoration,mold and drywall repair,10,UNSPECIFIED,0.0,0.0
water-damage-restoration,water damage inc,10,UNSPECIFIED,0.0,0.0
water-damage-restoration,water damage restoration contractors,10,LOW,0.0,0.0
water-damage-restoration,roto rooter mold remediation,10,UNSPECIFIED,0.0,0.0
water-damage-restoration,restoration clean up company,10,HIGH,0.0,0.0
water-damage-restoration,fixing water damaged drywall,10,HIGH,0.0,0.0
water-damage-restoration,water pipe broken under house,10,UNSPECIFIED,0.0,0.0
water-damage-restoration,flood damage repair cost,10,UNSPECIFIED,0.0,0.0
water-damage-restoration,restoration one mold remediation,10,UNSPECIFIED,0.0,0.0
water-damage-restoration,home repair after water damage,10,UNSPECIFIED,0.0,0.0
water-damage-restoration,fire & water damage recovery,10,UNSPECIFIED,0.0,0.0
water-damage-restoration,water restoration contractor,10,UNSPECIFIED,0.0,0.0
water-damage-restoration,fix roof leak from inside attic,10,UNSPECIFIED,0.0,0.0
water-damage-restoration,fire and water damage restoration near me,10,UNSPECIFIED,0.0,0.0
water-damage-restoration,fixing water damaged walls,10,UNSPECIFIED,0.0,0.0
water-damage-restoration,water on ceiling,10,LOW,0.0,0.0
water-damage-restoration,24 hour water damage repair,10,UNSPECIFIED,0.0,0.0
water-damage-restoration,fixing water damage on wood,10,LOW,0.0,0.0
water-damage-restoration,water damage restoration dfw,10,LOW,0.0,0.0
water-damage-restoration,exterior water damage repair,10,UNSPECIFIED,0.0,0.0
water-damage-restoration,water damage repair company near me,10,UNSPECIFIED,0.0,0.0
water-damage-restoration,water damage restoration contractors near me,10,UNSPECIFIED,0.0,0.0
water-damage-restoration,24 7 water damage restoration services,10,UNSPECIFIED,0.0,0.0
water-damage-restoration,water and fire restoration near me,10,UNSPECIFIED,0.0,0.0
water-damage-restoration,water damage cost,10,MEDIUM,0.0,0.0
water-damage-restoration,broken pipe under house,10,UNSPECIFIED,0.0,0.0
water-damage-restoration,mold removal and drywall repair,10,UNSPECIFIED,0.0,0.0
water-damage-restoration,770 water damage,10,UNSPECIFIED,0.0,0.0
water-damage-restoration,fix roof leak from inside,10,UNSPECIFIED,0.0,0.0
water-damage-restoration,basement flood water removal,10,UNSPECIFIED,0.0,0.0
water-damage-restoration,water in ceiling drywall,10,UNSPECIFIED,0.0,0.0
water-damage-restoration,restore water damaged wood,10,UNSPECIFIED,0.0,0.0
water-damage-restoration,water remediation contractor,10,MEDIUM,0.0,0.0
water-damage-restoration,hole in ceiling from water damage,10,MEDIUM,0.0,0.0
water-damage-restoration,small roof leak,10,UNSPECIFIED,0.0,0.0
water-damage-restoration,water damage services,10,HIGH,0.0,0.0
water-damage-restoration,commercial water restoration,10,MEDIUM,0.0,0.0
water-damage-restoration,flood damage restoration companies,10,UNSPECIFIED,0.0,0.0
water-damage-restoration,water damage mold remediation,10,UNSPECIFIED,0.0,0.0
water-damage-restoration,drying ceiling after water leak,10,UNSPECIFIED,0.0,0.0
water-damage-restoration,770 water damage & restoration,10,UNSPECIFIED,0.0,0.0
water-damage-restoration,wall water damage repair cost,10,UNSPECIFIED,0.0,0.0
water-damage-restoration,roof leak ceiling damage,10,UNSPECIFIED,0.0,0.0
water-damage-restoration,restorex water damage,10,UNSPECIFIED,0.0,0.0
water-damage-restoration,belfor water damage,10,HIGH,0.0,0.0
water-damage-restoration,mold drywall repair cost,10,UNSPECIFIED,0.0,0.0
water-damage-restoration,repair plaster ceiling water damage,10,UNSPECIFIED,0.0,0.0
water-damage-restoration,advanced water restoration,10,MEDIUM,0.0,0.0
water-damage-restoration,service master water restoration,10,UNSPECIFIED,0.0,0.0
water-damage-restoration,water damage and mold remediation,10,UNSPECIFIED,0.0,0.0
water-damage-restoration,sheetrock water damage repair,10,HIGH,0.0,0.0
water-damage-restoration,ceiling drywall water damage,10,UNSPECIFIED,0.0,0.0
water-damage-restoration,cost to repair water damaged subfloor,10,UNSPECIFIED,0.0,0.0
water-damage-restoration,drywall repair cost from water damage,10,UNSPECIFIED,0.0,0.0
water-damage-restoration,a & i fire & water restoration,10,UNSPECIFIED,0.0,0.0
water-damage-restoration,sewage damage cleanup,10,UNSPECIFIED,0.0,0.0
water-damage-restoration,basement flood damage,10,UNSPECIFIED,0.0,0.0
water-damage-restoration,rytech water damage,10,UNSPECIFIED,0.0,0.0
water-damage-restoration,fix wet carpet,10,UNSPECIFIED,0.0,0.0
water-damage-restoration,roto rooter water mitigation,10,UNSPECIFIED,0.0,0.0
water-damage-restoration,wet carpet repair,10,UNSPECIFIED,0.0,0.0
water-damage-restoration,water and fire restoration companies near me,10,UNSPECIFIED,0.0,0.0
water-damage-restoration,water damage in wall repair cost,10,UNSPECIFIED,0.0,0.0
water-damage-restoration,flood restoration cost,10,UNSPECIFIED,0.0,0.0
water-damage-restoration,water intrusion repair cost,10,UNSPECIFIED,0.0,0.0
water-damage-restoration,water damage restoration long beach,10,UNSPECIFIED,0.0,0.0
water-damage-restoration,water damage bathroom repair,10,HIGH,0.0,0.0
water-damage-restoration,damage restoration companies near me,10,UNSPECIFIED,0.0,0.0
water-damage-restoration,water restoration specialist,10,LOW,0.0,0.0
water-damage-restoration,broken water pipe outside house cost,10,UNSPECIFIED,0.0,0.0
water-damage-restoration,cleaning up mold from water damage,10,UNSPECIFIED,0.0,0.0
water-damage-restoration,water disaster restoration,10,LOW,0.0,0.0
water-damage-restoration,roof water damage repair cost,10,UNSPECIFIED,0.0,0.0
water-damage-restoration,flood damage specialists,10,UNSPECIFIED,0.0,0.0
water-damage-restoration,fire water and mold restoration services,10,UNSPECIFIED,0.0,0.0
water-damage-restoration,severe water damage,10,UNSPECIFIED,0.0,0.0
water-damage-restoration,wet wooden floor repair,10,UNSPECIFIED,0.0,0.0
water-damage-restoration,repair under sink water damage,10,UNSPECIFIED,0.0,0.0
water-damage-restoration,water damage moisture readings,10,UNSPECIFIED,0.0,0.0
water-damage-restoration,under sink water damage repair cost,10,UNSPECIFIED,0.0,0.0
water-damage-restoration,broken pipe under slab,10,LOW,0.0,0.0
water-damage-restoration,subfloor water damage repair cost,10,UNSPECIFIED,0.0,0.0
water-damage-restoration,water damage bathroom ceiling,10,LOW,0.0,0.0
water-damage-restoration,fix hardwood floor water damage,10,HIGH,0.0,0.0
water-damage-restoration,fix water damaged floorboards,10,UNSPECIFIED,0.0,0.0
water-damage-restoration,restoration fire water damage,10,LOW,0.0,0.0
water-damage-restoration,fixing water damaged laminate flooring,10,UNSPECIFIED,0.0,0.0
water-damage-restoration,water fire damage restoration,10,MEDIUM,0.0,0.0
water-damage-restoration,laminate floor water damage repair,10,HIGH,0.0,0.0
water-damage-restoration,surf pro water restoration,10,HIGH,0.0,0.0
water-damage-restoration,1800 water damage near me,10,UNSPECIFIED,0.0,0.0
water-damage-restoration,rytech water mitigation,10,UNSPECIFIED,0.0,0.0
water-damage-restoration,water damage subfloor repair cost,10,UNSPECIFIED,0.0,0.0
water-damage-restoration,denver water damage,10,UNSPECIFIED,0.0,0.0
water-damage-restoration,mold water remediation,10,MEDIUM,0.0,0.0
water-damage-restoration,ati water restoration,10,UNSPECIFIED,0.0,0.0
water-damage-restoration,commercial water damage,10,UNSPECIFIED,0.0,0.0
water-damage-restoration,water damage abatement,10,UNSPECIFIED,0.0,0.0
water-damage-restoration,fire and water cleanup and restoration,10,UNSPECIFIED,0.0,0.0
water-damage-restoration,water and fire mitigation,10,UNSPECIFIED,0.0,0.0
water-damage-restoration,fire & flood restoration specialists,10,UNSPECIFIED,0.0,0.0
water-damage-restoration,frozen pipe repair cost,10,UNSPECIFIED,0.0,0.0
water-damage-restoration,water and flood restoration,10,HIGH,0.0,0.0
water-damage-restoration,marco flood restoration,10,UNSPECIFIED,0.0,0.0
water-damage-restoration,fire and water damage companies,10,HIGH,0.0,0.0
water-damage-restoration,burst water pipe repair,10,UNSPECIFIED,0.0,0.0
water-damage-restoration,iflooded restoration,10,UNSPECIFIED,0.0,0.0
water-damage-restoration,wood floor damage repair,10,UNSPECIFIED,0.0,0.0
water-damage-restoration,24 7 restoration specialists,10,UNSPECIFIED,0.0,0.0
water-damage-restoration,plaster water damage,10,UNSPECIFIED,0.0,0.0
water-damage-restoration,roof leak drywall damage,10,UNSPECIFIED,0.0,0.0
water-damage-restoration,water damage remediation cost,10,UNSPECIFIED,0.0,0.0
water-damage-restoration,911 flood pros,10,UNSPECIFIED,0.0,0.0
water-damage-restoration,cost to fix basement leak,10,LOW,0.0,0.0
water-damage-restoration,restore 24 7,10,UNSPECIFIED,0.0,0.0
water-damage-restoration,water and mold mitigation,10,MEDIUM,0.0,0.0
water-damage-restoration,popcorn ceiling water damage,10,UNSPECIFIED,0.0,0.0
water-damage-restoration,repair ceiling after leak,10,UNSPECIFIED,0.0,0.0
water-damage-restoration,frozen pipe burst repair,10,UNSPECIFIED,0.0,0.0
water-damage-restoration,water damage and mold cleanup,10,UNSPECIFIED,0.0,0.0
water-damage-restoration,emergency water restoration services,10,UNSPECIFIED,0.0,0.0
water-damage-restoration,water mold damage,10,LOW,0.0,0.0
water-damage-restoration,cost to repair drywall water damage,10,UNSPECIFIED,0.0,0.0
water-damage-restoration,water damage exterior wall,10,UNSPECIFIED,0.0,0.0
water-damage-restoration,water damage plaster ceiling,10,UNSPECIFIED,0.0,0.0
water-damage-restoration,structural drying,10,UNSPECIFIED,0.0,0.0
water-damage-restoration,water damage restoration repair,10,UNSPECIFIED,0.0,0.0
water-damage-restoration,floor water damage repair cost,10,HIGH,0.0,0.0
water-damage-restoration,emergency flood restoration,10,LOW,0.0,0.0
water-damage-restoration,water damage restoration and mold remediation,10,UNSPECIFIED,0.0,0.0
water-damage-restoration,small water damage in ceiling,10,LOW,0.0,0.0
water-damage-restoration,fire water restoration near me,10,UNSPECIFIED,0.0,0.0
water-damage-restoration,fix water damaged particle board,10,UNSPECIFIED,0.0,0.0
water-damage-restoration,servpro fire and water,10,UNSPECIFIED,0.0,0.0
water-damage-restoration,water fire damage,10,UNSPECIFIED,0.0,0.0
water-damage-restoration,fix bathroom floor water damage,10,HIGH,9.83,42.28
water-damage-restoration,ceiling mold repair,10,UNSPECIFIED,0.0,0.0
water-damage-restoration,water fire damage restoration services,10,UNSPECIFIED,0.0,0.0
water-damage-restoration,water damage roof repair cost,10,UNSPECIFIED,0.0,0.0
water-damage-restoration,basement flood damage repair,10,LOW,0.0,0.0
water-damage-restoration,water & mold damage restoration,10,UNSPECIFIED,0.0,0.0
water-damage-restoration,mold damage repair,10,HIGH,0.0,0.0
water-damage-restoration,emergency water cleanup services,10,UNSPECIFIED,0.0,0.0
water-damage-restoration,cost of repairing ceiling water damage,10,MEDIUM,0.0,0.0
water-damage-restoration,wood floor water damage repair cost,10,UNSPECIFIED,0.0,0.0
water-damage-restoration,iicrc water mitigation,10,UNSPECIFIED,0.0,0.0
water-damage-restoration,a and i fire and water restoration,10,UNSPECIFIED,0.0,0.0
water-damage-restoration,cork floor repair water damage,10,UNSPECIFIED,0.0,0.0
water-damage-restoration,rainbow fire and water restoration,10,HIGH,0.0,0.0
water-damage-restoration,black mold water damage,10,HIGH,0.0,0.0
water-damage-restoration,ceiling water stain repair,10,HIGH,0.0,0.0
water-damage-restoration,fire water damage,10,UNSPECIFIED,0.0,0.0
water-damage-restoration,drying out ceiling after leak,10,UNSPECIFIED,0.0,0.0
water-damage-restoration,911 restoration company,10,UNSPECIFIED,0.0,0.0
water-damage-restoration,wood floor warped water damage repair,10,UNSPECIFIED,0.0,0.0
water-damage-restoration,wet hardwood floor repair,10,UNSPECIFIED,0.0,0.0
water-damage-restoration,emergency response restoration,10,UNSPECIFIED,0.0,0.0
water-damage-restoration,frozen pipe burst repair cost,10,UNSPECIFIED,0.0,0.0
water-damage-restoration,fix ceiling after leak,10,UNSPECIFIED,0.0,0.0
water-damage-restoration,water damage extraction,10,UNSPECIFIED,0.0,0.0
water-damage-restoration,water and fire damage cleanup,10,UNSPECIFIED,0.0,0.0
water-damage-restoration,flood restoration specialists,10,UNSPECIFIED,0.0,0.0
water-damage-restoration,water damage restoration lakewood,10,UNSPECIFIED,0.0,0.0
water-damage-restoration,category 3 water damage iicrc,10,MEDIUM,0.0,0.0
water-damage-restoration,crack in ceiling water damage,10,UNSPECIFIED,0.0,0.0
water-damage-restoration,flood drying companies,10,UNSPECIFIED,0.0,0.0
water-damage-restoration,fix water damaged cabinets,10,UNSPECIFIED,0.0,0.0
water-damage-restoration,water damage restoration surprise,10,UNSPECIFIED,0.0,0.0
water-damage-restoration,quality water damage restoration,10,UNSPECIFIED,0.0,0.0
water-damage-restoration,servicemaster fire & water restoration,10,UNSPECIFIED,0.0,0.0
water-damage-restoration,ceiling damage repair cost,10,UNSPECIFIED,0.0,0.0
water-damage-restoration,denver water damage repair,10,UNSPECIFIED,0.0,0.0
water-damage-restoration,best water damage company,10,HIGH,0.0,0.0
water-damage-restoration,damaged ceiling,10,LOW,0.0,0.0
water-damage-restoration,fire and water mitigation,10,UNSPECIFIED,0.0,0.0
water-damage-restoration,a & i water restoration,10,UNSPECIFIED,0.0,0.0
water-damage-restoration,commercial water remediation,10,UNSPECIFIED,0.0,0.0
water-damage-restoration,fix water stain on ceiling,10,HIGH,0.0,0.0
water-damage-restoration,water damaged plasterboard ceiling,10,UNSPECIFIED,0.0,0.0
water-damage-restoration,water damage cleanup service,10,UNSPECIFIED,0.0,0.0
water-damage-restoration,crack in foundation leaking water,10,UNSPECIFIED,0.0,0.0
water-damage-restoration,fire & flood restoration,10,HIGH,0.0,0.0
water-damage-restoration,fire and water clean up,10,UNSPECIFIED,0.0,0.0
water-damage-restoration,wrt iicrc,10,MEDIUM,0.0,0.0
water-damage-restoration,water remediation specialist,10,LOW,0.0,0.0
water-damage-restoration,water damage behind wall,10,UNSPECIFIED,0.0,0.0
water-damage-restoration,home water damage repair cost,10,HIGH,0.0,0.0
water-damage-restoration,fire and water restoration services,10,UNSPECIFIED,0.0,0.0
water-damage-restoration,fix leaking pipe in ceiling,10,HIGH,0.0,0.0
water-damage-restoration,kitchen cabinets water damage,10,HIGH,0.0,0.0
water-damage-restoration,fixing wet drywall,10,HIGH,0.0,0.0
water-damage-restoration,770 water damage and restoration,10,UNSPECIFIED,0.0,0.0
water-damage-restoration,ceiling damaged by water,10,UNSPECIFIED,0.0,0.0
water-damage-restoration,water removal pros,10,UNSPECIFIED,0.0,0.0
water-damage-restoration,residential water damage repair,10,UNSPECIFIED,0.0,0.0
water-damage-restoration,professional water restoration,10,UNSPECIFIED,0.0,0.0
water-damage-restoration,a1 water restoration,10,UNSPECIFIED,0.0,0.0
water-damage-restoration,fire and water damage contractors,10,HIGH,0.0,0.0
water-damage-restoration,cost to repair leaking pipe in ceiling,10,UNSPECIFIED,0.0,0.0
water-damage-restoration,cost to fix leaking pipe in ceiling,10,UNSPECIFIED,0.0,0.0
water-damage-restoration,black water restoration,10,UNSPECIFIED,0.0,0.0
water-damage-restoration,roof leak damage,10,UNSPECIFIED,0.0,0.0
water-damage-restoration,stanley steemer water mitigation,10,UNSPECIFIED,0.0,0.0
water-damage-restoration,slab leak foundation damage,10,UNSPECIFIED,0.0,0.0
water-damage-restoration,water damage ceiling crack,10,MEDIUM,0.0,0.0
water-damage-restoration,iicrc water damage,10,UNSPECIFIED,0.0,0.0
water-damage-restoration,ceiling roof leak repair,10,UNSPECIFIED,0.0,0.0
water-damage-restoration,repair particle board water damage,10,UNSPECIFIED,0.0,0.0
water-damage-restoration,iicrc master water restorer,10,UNSPECIFIED,0.0,0.0
water-damage-restoration,fire and water damage restoration companies,10,MEDIUM,0.0,0.0
water-damage-restoration,restoration damage,10,LOW,0.0,0.0
water-damage-restoration,best water damage restoration,10,UNSPECIFIED,0.0,0.0
water-damage-restoration,water damage remediation services,10,LOW,0.0,0.0
water-damage-restoration,fix broken pipe,10,HIGH,0.0,0.0
water-damage-restoration,american fire and water restoration,10,UNSPECIFIED,0.0,0.0
water-damage-restoration,water damage cleanup and repair,10,UNSPECIFIED,0.0,0.0
water-damage-restoration,leak in flat roof,10,LOW,0.0,0.0
water-damage-restoration,water damage and mold repair,10,HIGH,0.0,0.0
water-damage-restoration,water fire mold,10,UNSPECIFIED,0.0,0.0
water-damage-restoration,leaking pipe ceiling,10,LOW,0.0,0.0
water-damage-restoration,water cleanup basement,10,MEDIUM,0.0,0.0
water-damage-restoration,applied structural drying,10,UNSPECIFIED,0.0,0.0
water-damage-restoration,cost to fix water damage,10,HIGH,0.0,0.0
water-damage-restoration,restoration 1 mold remediation,10,UNSPECIFIED,0.0,0.0
water-damage-restoration,pipe burst in house cost,10,UNSPECIFIED,0.0,0.0
water-damage-restoration,repair pipe leak in wall,10,UNSPECIFIED,0.0,0.0
water-damage-restoration,basement water cleanup company,10,UNSPECIFIED,0.0,0.0
water-damage-restoration,replacing wet drywall,10,UNSPECIFIED,0.0,0.0
water-damage-restoration,water damage from bathroom leak,10,UNSPECIFIED,0.0,0.0
water-damage-restoration,repairing mold damage drywall,10,UNSPECIFIED,0.0,0.0
water-damage-restoration,flood remediation services,10,UNSPECIFIED,0.0,0.0
water-damage-restoration,fixing a leak in the ceiling,10,UNSPECIFIED,0.0,0.0
water-damage-restoration,flooded carpet restoration,10,UNSPECIFIED,0.0,0.0
water-damage-restoration,repair water damaged subfloor,10,UNSPECIFIED,0.0,0.0
water-damage-restoration,water damage restoration specialist,10,LOW,0.0,0.0
water-damage-restoration,a & i fire and water restoration,10,UNSPECIFIED,0.0,0.0
water-damage-restoration,water damage long beach,10,UNSPECIFIED,0.0,0.0
water-damage-restoration,mdf water damage repair,10,LOW,0.0,0.0
water-damage-restoration,swollen mdf water damage,10,LOW,0.0,0.0
water-damage-restoration,best water restoration near me,10,UNSPECIFIED,0.0,0.0
water-damage-restoration,water on laminate flooring fix,10,UNSPECIFIED,0.0,0.0
water-damage-restoration,denver water damage restoration,10,UNSPECIFIED,0.0,0.0
water-damage-restoration,wood water damage treatment,10,MEDIUM,0.0,0.0
water-damage-restoration,emergency water damage restoration near me,10,LOW,0.0,0.0
water-damage-restoration,residential water restoration,10,UNSPECIFIED,0.0,0.0
water-damage-restoration,water damage treatment,10,UNSPECIFIED,0.0,0.0
water-damage-restoration,flood cleanup companies near me,10,UNSPECIFIED,0.0,0.0
water-damage-restoration,replacing water damaged subfloor,10,UNSPECIFIED,0.0,0.0
water-damage-restoration,flood 1 restoration,10,UNSPECIFIED,0.0,0.0
water-damage-restoration,leaky roof mold,10,UNSPECIFIED,0.0,0.0
water-damage-restoration,fire water mold restoration services,10,UNSPECIFIED,0.0,0.0
water-damage-restoration,repairing water damaged plaster,10,UNSPECIFIED,0.0,0.0
water-damage-restoration,water damage concord,10,UNSPECIFIED,0.0,0.0
water-damage-restoration,burst pipe in wall repair cost,10,UNSPECIFIED,0.0,0.0
water-damage-restoration,water and fire damage repair,10,UNSPECIFIED,0.0,0.0
water-damage-restoration,water damage cleanup and restoration,10,UNSPECIFIED,0.0,0.0
water-damage-restoration,repair broken water pipe underground,10,UNSPECIFIED,0.0,0.0
water-damage-restoration,water behind drywall,10,UNSPECIFIED,0.0,0.0
water-damage-restoration,ceiling repair after water leak,10,UNSPECIFIED,0.0,0.0
water-damage-restoration,cost of fixing burst pipe,10,MEDIUM,0.0,0.0
water-damage-restoration,water and mold damage,10,UNSPECIFIED,0.0,0.0
water-damage-restoration,mold damage cleanup,10,UNSPECIFIED,0.0,0.0
water-damage-restoration,premier water restoration,10,UNSPECIFIED,0.0,0.0
water-damage-restoration,water damage hole in ceiling,10,UNSPECIFIED,0.0,0.0
water-damage-restoration,leaking from ceiling under bathroom,10,LOW,0.0,0.0
water-damage-restoration,rainbow water damage,10,UNSPECIFIED,0.0,0.0
water-damage-restoration,hardwood floor water damage repair cost,10,UNSPECIFIED,0.0,0.0
water-damage-restoration,water damage popcorn ceiling,10,UNSPECIFIED,0.0,0.0
water-damage-restoration,water damage to subfloor,10,UNSPECIFIED,0.0,0.0
water-damage-restoration,a1 water damage restorations,10,LOW,0.0,0.0
water-damage-restoration,water damage mold repair,10,HIGH,0.0,0.0
water-damage-restoration,damaged wood floor,10,LOW,0.0,0.0
water-damage-restoration,haag engineering hail damage,10,UNSPECIFIED,0.0,0.0
water-damage-restoration,water in drywall,10,MEDIUM,0.0,0.0
water-damage-restoration,aaa water damage,10,UNSPECIFIED,0.0,0.0
water-damage-restoration,replacing water damaged drywall,10,UNSPECIFIED,0.0,0.0
water-damage-restoration,subfloor damage,10,UNSPECIFIED,0.0,0.0
water-damage-restoration,water damage restoration restoration specialists,10,UNSPECIFIED,0.0,0.0
water-damage-restoration,rytech mold remediation,10,UNSPECIFIED,0.0,0.0
water-damage-restoration,1800water,10,MEDIUM,0.0,0.0
water-damage-restoration,roof leak ceiling,10,UNSPECIFIED,0.0,0.0
water-damage-restoration,water damage on plaster walls,10,MEDIUM,0.0,0.0
water-damage-restoration,water & fire damage restoration,10,UNSPECIFIED,0.0,0.0
water-damage-restoration,drywall leak,10,UNSPECIFIED,0.0,0.0
water-damage-restoration,fire water mold,10,HIGH,0.0,0.0
water-damage-restoration,remove water stain from ceiling,10,HIGH,0.0,0.0
water-damage-restoration,category 3 water loss,10,UNSPECIFIED,0.0,0.0
water-damage-restoration,bathroom vanity water damage,10,UNSPECIFIED,0.0,0.0
water-damage-restoration,water leak roof repair cost,10,UNSPECIFIED,0.0,0.0
water-damage-restoration,subfloor damage repair,10,UNSPECIFIED,0.0,0.0
water-damage-restoration,water damage after fire,10,UNSPECIFIED,0.0,0.0
water-damage-restoration,broken underground water pipe,10,HIGH,0.0,0.0
water-damage-restoration,residential water damage restoration services,10,UNSPECIFIED,0.0,0.0
water-damage-restoration,extensive water damage,10,UNSPECIFIED,0.0,0.0
water-damage-restoration,mdf water damage,10,UNSPECIFIED,0.0,0.0
water-damage-restoration,cost to fix water damage ceiling,10,MEDIUM,0.0,0.0
water-damage-restoration,dec fire & water restoration,10,UNSPECIFIED,0.0,0.0
water-damage-restoration,leak in drywall ceiling,10,LOW,0.0,0.0
water-damage-restoration,water damage to floor joists,10,UNSPECIFIED,0.0,0.0
water-damage-restoration,drywall damage,10,UNSPECIFIED,0.0,0.0
water-damage-restoration,fix mdf water damage,10,UNSPECIFIED,0.0,0.0
water-damage-restoration,paul davis water mitigation,10,UNSPECIFIED,0.0,0.0
water-damage-restoration,repairing water damaged cabinets,10,UNSPECIFIED,0.0,0.0
water-damage-restoration,repair water damaged particle board furniture,10,UNSPECIFIED,0.0,0.0
water-damage-restoration,siding leak,10,UNSPECIFIED,0.0,0.0
water-damage-restoration,repairing drywall ceiling after leak,10,UNSPECIFIED,0.0,0.0
water-damage-restoration,water damage restoration gilbert,10,UNSPECIFIED,0.0,0.0
water-damage-restoration,repair mdf water damage,10,UNSPECIFIED,0.0,0.0
water-damage-restoration,commercial damage restoration,10,UNSPECIFIED,0.0,0.0
water-damage-restoration,carpet water damage cleaning,10,UNSPECIFIED,0.0,0.0
water-damage-restoration,fix warped wood floor water damage,10,UNSPECIFIED,0.0,0.0
water-damage-restoration,water and fire damage,10,UNSPECIFIED,0.0,0.0
water-damage-restoration,fix particle board water damage,10,UNSPECIFIED,0.0,0.0
water-damage-restoration,repair water damaged wall plaster,10,UNSPECIFIED,0.0,0.0
water-damage-restoration,damage floor repair,10,UNSPECIFIED,0.0,0.0
water-damage-restoration,category 1 water damage,10,LOW,0.0,0.0
water-damage-restoration,storm damage specialists,10,MEDIUM,0.0,0.0
water-damage-restoration,furniture water damage,10,LOW,0.0,0.0
water-damage-restoration,water stain on drywall ceiling,10,UNSPECIFIED,0.0,0.0
water-damage-restoration,flood and water restoration,10,HIGH,0.0,0.0
water-damage-restoration,basement flood cleanup services,10,LOW,0.0,0.0
water-damage-restoration,water damage stain ceiling,10,UNSPECIFIED,0.0,0.0
water-damage-restoration,plasterboard ceiling repair water damage,10,UNSPECIFIED,0.0,0.0
water-damage-restoration,repairing interior window sill water damage,10,UNSPECIFIED,0.0,0.0
water-damage-restoration,commercial water removal,10,UNSPECIFIED,0.0,0.0
water-damage-restoration,water damage repair specialist,10,UNSPECIFIED,0.0,0.0
water-damage-restoration,drying wood floors after leak,10,UNSPECIFIED,0.0,0.0
water-damage-restoration,fire and water remediation,10,UNSPECIFIED,0.0,0.0
water-damage-restoration,commercial water damage restoration,10,MEDIUM,0.0,0.0
water-damage-restoration,all water restoration,10,UNSPECIFIED,0.0,0.0
water-damage-restoration,damaged carpet,10,MEDIUM,0.0,0.0
water-damage-restoration,repair water damaged kitchen cabinets,10,UNSPECIFIED,0.0,0.0
water-damage-restoration,water damage restoration experts,10,HIGH,0.0,0.0
water-damage-restoration,water damage from fire,10,UNSPECIFIED,0.0,0.0
water-damage-restoration,category of water loss,10,UNSPECIFIED,0.0,0.0
water-damage-restoration,water damage smyrna,10,UNSPECIFIED,0.0,0.0
water-damage-restoration,torn drywall repair,10,LOW,0.0,0.0
water-damage-restoration,cost to fix ceiling leak,10,MEDIUM,0.0,0.0
water-damage-restoration,wet ceiling drywall repair,10,UNSPECIFIED,0.0,0.0
water-damage-restoration,fire and water damage repair,10,UNSPECIFIED,0.0,0.0
water-damage-restoration,affordable water restoration,10,UNSPECIFIED,0.0,0.0
water-damage-restoration,water fighters restoration,10,UNSPECIFIED,0.0,0.0
water-damage-restoration,hardwood floor water damage repair warping,10,UNSPECIFIED,0.0,0.0
water-damage-restoration,professional water damage restoration,10,UNSPECIFIED,0.0,0.0
water-damage-restoration,iicrc water restoration,10,UNSPECIFIED,0.0,0.0
water-damage-restoration,fix water stain on wood floor,10,UNSPECIFIED,0.0,0.0
water-damage-restoration,fix water damaged mdf,10,UNSPECIFIED,0.0,0.0
water-damage-restoration,mdf vanity water damage,10,UNSPECIFIED,0.0,0.0
water-damage-restoration,flood damage cleanup services,10,UNSPECIFIED,0.0,0.0
water-damage-restoration,iicrc category 3,10,UNSPECIFIED,0.0,0.0
water-damage-restoration,superior water damage restoration,10,UNSPECIFIED,0.0,0.0
water-damage-restoration,repair water damaged wood furniture,10,UNSPECIFIED,0.0,0.0
water-damage-restoration,fix a leaking pipe joint,10,UNSPECIFIED,0.0,0.0
water-damage-restoration,leakage in concrete slab,10,HIGH,0.0,0.0
water-damage-restoration,home flood damage repair,10,UNSPECIFIED,0.0,0.0
water-damage-restoration,fixing leaky pipe,10,UNSPECIFIED,0.0,0.0
water-damage-restoration,fixing subfloor water damage,10,UNSPECIFIED,0.0,0.0
water-damage-restoration,replacing damaged drywall,10,UNSPECIFIED,0.0,0.0
water-damage-restoration,24 7 emergency water damage service,10,UNSPECIFIED,0.0,0.0
water-damage-restoration,a best water damage restoration,10,UNSPECIFIED,0.0,0.0
water-damage-restoration,best water damage,10,UNSPECIFIED,0.0,0.0
water-damage-restoration,best water damage restoration services,10,UNSPECIFIED,0.0,0.0
water-damage-restoration,broken water pipe repair cost,10,UNSPECIFIED,0.0,0.0
water-damage-restoration,category 3 water iicrc,10,UNSPECIFIED,0.0,0.0
water-damage-restoration,commercial flood damage restoration,10,LOW,0.0,0.0
water-damage-restoration,commercial water damage restoration near me,10,UNSPECIFIED,0.0,0.0
water-damage-restoration,commercial water damage restoration services,10,UNSPECIFIED,0.0,0.0
water-damage-restoration,damage clean,10,UNSPECIFIED,0.0,0.0
water-damage-restoration,damage service,10,UNSPECIFIED,0.0,0.0
water-damage-restoration,damaged floor,10,LOW,0.0,0.0
water-damage-restoration,damaged plaster wall,10,LOW,0.0,0.0
water-damage-restoration,damaged plasterboard,10,UNSPECIFIED,0.0,0.0
water-damage-restoration,damaged sheetrock,10,UNSPECIFIED,0.0,0.0
water-damage-restoration,emergency water damage restoration company,10,UNSPECIFIED,0.0,0.0
water-damage-restoration,emergency water damage restoration services,10,LOW,0.0,0.0
water-damage-restoration,fire & water damage,10,UNSPECIFIED,0.0,0.0
water-damage-restoration,fire & water damage restoration,10,MEDIUM,0.0,0.0
water-damage-restoration,fire and flood damage restoration,10,UNSPECIFIED,0.0,0.0
water-damage-restoration,fire and water damage cleanup services,10,UNSPECIFIED,0.0,0.0
water-damage-restoration,first response water damage restoration,10,UNSPECIFIED,0.0,0.0
water-damage-restoration,fix bubbled laminate wood floor,10,UNSPECIFIED,0.0,0.0
water-damage-restoration,fix water spot on ceiling,10,HIGH,0.0,0.0
water-damage-restoration,fixing warped laminate flooring,10,UNSPECIFIED,0.0,0.0
water-damage-restoration,fixing water damage on wood furniture,10,UNSPECIFIED,0.0,0.0
water-damage-restoration,flood damage repair companies,10,UNSPECIFIED,0.0,0.0
water-damage-restoration,furniture with water damage,10,LOW,0.0,0.0
water-damage-restoration,mdf board water damage,10,LOW,0.0,0.0
water-damage-restoration,mold and water damage specialists,10,UNSPECIFIED,0.0,0.0
water-damage-restoration,mold remediation restoration specialists,10,UNSPECIFIED,0.0,0.0
water-damage-restoration,patching a roof leak from the inside,10,UNSPECIFIED,0.0,0.0
water-damage-restoration,pro water damage inc,10,UNSPECIFIED,0.0,0.0
water-damage-restoration,repair hardwood floor damage,10,UNSPECIFIED,0.0,0.0
water-damage-restoration,repair swollen chipboard,10,UNSPECIFIED,0.0,0.0
water-damage-restoration,repair swollen mdf,10,LOW,0.0,0.0
water-damage-restoration,restoring water damaged wood furniture,10,UNSPECIFIED,0.0,0.0
water-damage-restoration,san jose water damage restoration,10,UNSPECIFIED,0.0,0.0
water-damage-restoration,seaside restoration services,10,UNSPECIFIED,0.0,0.0
water-damage-restoration,sewage cleanup englewood,10,UNSPECIFIED,0.0,0.0
water-damage-restoration,structural drying services,10,UNSPECIFIED,0.0,0.0
water-damage-restoration,swollen mdf repair,10,UNSPECIFIED,0.0,0.0
water-damage-restoration,water damage around toilet,10,UNSPECIFIED,0.0,0.0
water-damage-restoration,water damage cleanup service near me,10,UNSPECIFIED,0.0,0.0
water-damage-restoration,water damage lakewood,10,UNSPECIFIED,0.0,0.0
water-damage-restoration,water damage mold clean up,10,UNSPECIFIED,0.0,0.0
water-damage-restoration,water damage north hollywood,10,UNSPECIFIED,0.0,0.0
water-damage-restoration,water damage restoration round rock,10,HIGH,0.0,0.0
water-damage-restoration,water damage restoration services inc,10,UNSPECIFIED,0.0,0.0
water-damage-restoration,water damage restoration smyrna,10,UNSPECIFIED,0.0,0.0
water-damage-restoration,water damage stucco,10,UNSPECIFIED,0.0,0.0
water-damage-restoration,water damaged hardwood,10,UNSPECIFIED,0.0,0.0
water-damage-restoration,water damaged plasterboard,10,UNSPECIFIED,0.0,0.0
water-damage-restoration,water damaged roof,10,UNSPECIFIED,0.0,0.0
water-damage-restoration,water damaged wooden worktop,10,UNSPECIFIED,0.0,0.0
water-damage-restoration,water leak plaster ceiling,10,UNSPECIFIED,0.0,0.0
water-damage-restoration,water pro restoration,10,UNSPECIFIED,0.0,0.0
water-damage-restoration,water stain on popcorn ceiling,10,UNSPECIFIED,0.0,0.0
water-damage-restoration,flooded basement cleanup companies near me,0,UNSPECIFIED,0.0,0.0
water-damage-restoration,deep water restoration,0,UNSPECIFIED,0.0,0.0
water-damage-restoration,water clean up and restoration,0,UNSPECIFIED,0.0,0.0
water-damage-restoration,water damage carpet drying,0,UNSPECIFIED,0.0,0.0
water-damage-restoration,emergency water remediation,0,UNSPECIFIED,0.0,0.0
water-damage-restoration,water damage experts near me,0,UNSPECIFIED,0.0,0.0
water-damage-restoration,leaking ceiling repair near me,0,UNSPECIFIED,0.0,0.0
water-damage-restoration,water damage cleaning services,0,UNSPECIFIED,0.0,0.0
water-damage-restoration,24 hour water removal,0,UNSPECIFIED,0.0,0.0
water-damage-restoration,contractor to repair water damage,0,UNSPECIFIED,0.0,0.0
water-damage-restoration,basement water removal service,0,UNSPECIFIED,0.0,0.0
water-damage-restoration,water disaster cleanup,0,UNSPECIFIED,0.0,0.0
water-damage-restoration,service master water mitigation,0,UNSPECIFIED,0.0,0.0
water-damage-restoration,servpro flood cleanup,0,UNSPECIFIED,0.0,0.0
water-damage-restoration,basement water damage repair near me,0,UNSPECIFIED,0.0,0.0
water-damage-restoration,water and mold restoration near me,0,UNSPECIFIED,0.0,0.0
water-damage-restoration,home flood cleanup companies,0,UNSPECIFIED,0.0,0.0
water-damage-restoration,24 hour flood service,0,UNSPECIFIED,0.0,0.0
water-damage-restoration,restoration basement flooding,0,UNSPECIFIED,0.0,0.0
water-damage-restoration,flooded basement repair near me,0,UNSPECIFIED,0.0,0.0
water-damage-restoration,water damage restoration repair contractors,0,UNSPECIFIED,0.0,0.0
water-damage-restoration,fire and water damage clean up,0,UNSPECIFIED,0.0,0.0
water-damage-restoration,water damage carpet cleaning services,0,UNSPECIFIED,0.0,0.0
water-damage-restoration,basement restoration companies,0,UNSPECIFIED,0.0,0.0
water-damage-restoration,restoration contractors for water damage,0,UNSPECIFIED,0.0,0.0
water-damage-restoration,water leak roof repair,0,UNSPECIFIED,0.0,0.0
water-damage-restoration,water leak damage restoration,0,UNSPECIFIED,0.0,0.0
water-damage-restoration,residential water damage repair companies,0,UNSPECIFIED,0.0,0.0
water-damage-restoration,flood drying out companies,0,UNSPECIFIED,0.0,0.0
water-damage-restoration,raw sewage cleanup near me,0,UNSPECIFIED,0.0,0.0
water-damage-restoration,companies that clean up water in basement,0,UNSPECIFIED,0.0,0.0
water-damage-restoration,basement water damage cleanup,0,UNSPECIFIED,0.0,0.0
water-damage-restoration,carpet flood damage repair,0,UNSPECIFIED,0.0,0.0
water-damage-restoration,fire and flood restoration near me,0,UNSPECIFIED,0.0,0.0
water-damage-restoration,water intrusion repair near me,0,UNSPECIFIED,0.0,0.0
water-damage-restoration,24 7 restoration pro,0,UNSPECIFIED,0.0,0.0
water-damage-restoration,carpet flood water removal drying,0,UNSPECIFIED,0.0,0.0
water-damage-restoration,basement sewage cleanup cost,0,UNSPECIFIED,0.0,0.0
water-damage-restoration,dalworth water restoration,0,UNSPECIFIED,0.0,0.0
water-damage-restoration,water in basement cleanup company,0,UNSPECIFIED,0.0,0.0
water-damage-restoration,911 mold restoration,0,UNSPECIFIED,0.0,0.0
water-damage-restoration,fire and water damage recovery,0,UNSPECIFIED,0.0,0.0
water-damage-restoration,broken water pipe under house cost,0,UNSPECIFIED,0.0,0.0
water-damage-restoration,flood remediation cost,0,UNSPECIFIED,0.0,0.0
water-damage-restoration,home flood repair companies,0,UNSPECIFIED,0.0,0.0
water-damage-restoration,water damage restoration ceiling,0,UNSPECIFIED,0.0,0.0
water-damage-restoration,ceiling damage repair,0,UNSPECIFIED,0.0,0.0
water-damage-restoration,proserve mold remediation,0,UNSPECIFIED,0.0,0.0
water-damage-restoration,raw sewage cleanup cost,0,UNSPECIFIED,0.0,0.0
water-damage-restoration,bathroom floor repair water damage cost,0,UNSPECIFIED,0.0,0.0
water-damage-restoration,basement water remediation near me,0,UNSPECIFIED,0.0,0.0
water-damage-restoration,flood damage carpet drying,0,UNSPECIFIED,0.0,0.0
water-damage-restoration,fire smoke water damage restoration,0,UNSPECIFIED,0.0,0.0
water-damage-restoration,flood clean up cost,0,UNSPECIFIED,0.0,0.0
water-damage-restoration,remediation after water damage,0,UNSPECIFIED,0.0,0.0
water-damage-restoration,fire water damage clean up,0,UNSPECIFIED,0.0,0.0
water-damage-restoration,sewage flood cleanup,0,UNSPECIFIED,0.0,0.0
water-damage-restoration,water leak ceiling repair cost,0,UNSPECIFIED,0.0,0.0
water-damage-restoration,mold and water damage repair cost,0,UNSPECIFIED,0.0,0.0
water-damage-restoration,servpro fire & water cleanup & restoration,0,UNSPECIFIED,0.0,0.0
water-damage-restoration,basement flood cleanup company,0,UNSPECIFIED,0.0,0.0
water-damage-restoration,water leak wall repair,0,UNSPECIFIED,0.0,0.0
water-damage-restoration,fire and flood restoration companies near me,0,UNSPECIFIED,0.0,0.0
water-damage-restoration,service pro water cleanup,0,UNSPECIFIED,0.0,0.0
water-damage-restoration,leak under foundation,0,UNSPECIFIED,0.0,0.0
water-damage-restoration,mold and water damage repair near me,0,UNSPECIFIED,0.0,0.0
water-damage-restoration,home damage restoration,0,UNSPECIFIED,0.0,0.0
water-damage-restoration,companies to clean up flooded basement,0,UNSPECIFIED,0.0,0.0
water-damage-restoration,repair hardwood floor water damage spot,0,UNSPECIFIED,0.0,0.0
water-damage-restoration,carpet water damage repair cost,0,UNSPECIFIED,0.0,0.0
water-damage-restoration,flood damage cleaning service,0,UNSPECIFIED,0.0,0.0
water-damage-restoration,stucco water damage repair,0,UNSPECIFIED,0.0,0.0
water-damage-restoration,water and mold damage restoration,0,UNSPECIFIED,0.0,0.0
water-damage-restoration,broken pipe under house cost,0,UNSPECIFIED,0.0,0.0
water-damage-restoration,best flood restoration company,0,UNSPECIFIED,0.0,0.0
water-damage-restoration,repair bathroom wall water damage cost,0,UNSPECIFIED,0.0,0.0
water-damage-restoration,home water remediation,0,UNSPECIFIED,0.0,0.0
water-damage-restoration,flood cleaning company,0,UNSPECIFIED,0.0,0.0
water-damage-restoration,flood out restoration,0,UNSPECIFIED,0.0,0.0
water-damage-restoration,professional water damage clean up,0,UNSPECIFIED,0.0,0.0
water-damage-restoration,mold water damage removal,0,UNSPECIFIED,0.0,0.0
water-damage-restoration,fire water mold restoration company,0,UNSPECIFIED,0.0,0.0
water-damage-restoration,flooded basement carpet cleanup,0,UNSPECIFIED,0.0,0.0
water-damage-restoration,water damage hardwood floor repair cost,0,UNSPECIFIED,0.0,0.0
water-damage-restoration,flood and fire restoration companies,0,UNSPECIFIED,0.0,0.0
water-damage-restoration,water damage removal company,0,UNSPECIFIED,0.0,0.0
water-damage-restoration,basement cleanup after flood,0,UNSPECIFIED,0.0,0.0
water-damage-restoration,black water remediation,0,UNSPECIFIED,0.0,0.0
water-damage-restoration,clean up restoration companies,0,UNSPECIFIED,0.0,0.0
water-damage-restoration,commercial water damage repair,0,UNSPECIFIED,0.0,0.0
water-damage-restoration,water and fire damage restoration services,0,UNSPECIFIED,0.0,0.0
water-damage-restoration,water damage local,0,UNSPECIFIED,0.0,0.0
water-damage-restoration,basement flood restoration cost,0,UNSPECIFIED,0.0,0.0
water-damage-restoration,repair water damaged plywood,0,UNSPECIFIED,0.0,0.0
water-damage-restoration,water mitigation moisture readings,0,UNSPECIFIED,0.0,0.0
water-damage-restoration,water damage assessment companies,0,UNSPECIFIED,0.0,0.0
water-damage-restoration,professional water removal,0,UNSPECIFIED,0.0,0.0
water-damage-restoration,water damaged floorboards repair,0,UNSPECIFIED,0.0,0.0
water-damage-restoration,leak in kitchen ceiling,0,UNSPECIFIED,0.0,0.0
water-damage-restoration,flood water damage restoration companies,0,UNSPECIFIED,0.0,0.0
water-damage-restoration,smoke and water damage restoration,0,UNSPECIFIED,0.0,0.0
water-damage-restoration,first water restoration,0,UNSPECIFIED,0.0,0.0
water-damage-restoration,cost of servpro water damage,0,UNSPECIFIED,0.0,0.0
water-damage-restoration,water damage cleanup team,0,UNSPECIFIED,0.0,0.0
water-damage-restoration,main line leak repair,0,UNSPECIFIED,0.0,0.0
water-damage-restoration,fire and water cleanup companies,0,UNSPECIFIED,0.0,0.0
water-damage-restoration,fix hole in ceiling from water damage,0,UNSPECIFIED,0.0,0.0
water-damage-restoration,water mitigation emergency services,0,UNSPECIFIED,0.0,0.0
water-damage-restoration,conservatory leak repair cost,0,UNSPECIFIED,0.0,0.0
water-damage-restoration,fix ceiling leak damage,0,UNSPECIFIED,0.0,0.0
water-damage-restoration,servicemaster flood cleanup,0,UNSPECIFIED,0.0,0.0
water-damage-restoration,repair ceiling leak damage,0,UNSPECIFIED,0.0,0.0
water-damage-restoration,water damage carpet removal,0,UNSPECIFIED,0.0,0.0
water-damage-restoration,fixing water damage on wood floor,0,UNSPECIFIED,0.0,0.0
water-damage-restoration,24 hour emergency water restoration,0,UNSPECIFIED,0.0,0.0
water-damage-restoration,home water restoration,0,UNSPECIFIED,0.0,0.0
water-damage-restoration,emergency water restoration company,0,UNSPECIFIED,0.0,0.0
water-damage-restoration,fix basement leak from inside,0,UNSPECIFIED,0.0,0.0
water-damage-restoration,cost to repair water damaged kitchen cabinets,0,UNSPECIFIED,0.0,0.0
water-damage-restoration,mold ceiling repair,0,UNSPECIFIED,0.0,0.0
water-damage-restoration,commercial water clean up,0,UNSPECIFIED,0.0,0.0
water-damage-restoration,smoke and water damage cleanup,0,UNSPECIFIED,0.0,0.0
water-damage-restoration,complete water removal & restoration,0,UNSPECIFIED,0.0,0.0
water-damage-restoration,water leak damage repair cost,0,UNSPECIFIED,0.0,0.0
water-damage-restoration,wet laminate flooring repair,0,UNSPECIFIED,0.0,0.0
water-damage-restoration,top notch flood and restoration,0,UNSPECIFIED,0.0,0.0
water-damage-restoration,first response water restoration,0,UNSPECIFIED,0.0,0.0
water-damage-restoration,home restoration after water damage,0,UNSPECIFIED,0.0,0.0
water-damage-restoration,water damage restoration contractor near me,0,UNSPECIFIED,0.0,0.0
water-damage-restoration,residential water damage cleanup,0,UNSPECIFIED,0.0,0.0
water-damage-restoration,drytech water restoration,0,UNSPECIFIED,0.0,0.0
water-damage-restoration,burst pipe water damage cost,0,UNSPECIFIED,0.0,0.0
water-damage-restoration,water damage restoration hamilton,0,UNSPECIFIED,0.0,0.0
water-damage-restoration,repair water damaged interior window sill,0,UNSPECIFIED,0.0,0.0
water-damage-restoration,repair water damaged wooden worktop,0,UNSPECIFIED,0.0,0.0
water-damage-restoration,emergency flood cleanup services,0,UNSPECIFIED,0.0,0.0
water-damage-restoration,best water restoration,0,UNSPECIFIED,0.0,0.0
water-damage-restoration,flood repair cost,0,UNSPECIFIED,0.0,0.0
water-damage-restoration,water loss mitigation,0,UNSPECIFIED,0.0,0.0
water-damage-restoration,house water damage service and repair,0,UNSPECIFIED,0.0,0.0
water-damage-restoration,toilet leak floor damage,0,UNSPECIFIED,0.0,0.0
water-damage-restoration,fix water damage under sink,0,UNSPECIFIED,0.0,0.0
water-damage-restoration,repair textured ceiling water damage,0,UNSPECIFIED,0.0,0.0
water-damage-restoration,restoration one water damage,0,UNSPECIFIED,0.0,0.0
water-damage-restoration,home water damage clean up,0,UNSPECIFIED,0.0,0.0
water-damage-restoration,leaking pipe in basement ceiling,0,UNSPECIFIED,0.0,0.0
water-damage-restoration,fire water smoke restoration,0,UNSPECIFIED,0.0,0.0
water-damage-restoration,iflooded fire & water damage restoration,0,UNSPECIFIED,0.0,0.0
water-damage-restoration,flood cleaning companies near me,0,UNSPECIFIED,0.0,0.0
water-damage-restoration,flood restoration pros,0,UNSPECIFIED,0.0,0.0
water-damage-restoration,24 hour emergency restoration,0,UNSPECIFIED,0.0,0.0
water-damage-restoration,liberty mutual water mitigation,0,UNSPECIFIED,0.0,0.0
water-damage-restoration,rainbow flood restoration,0,UNSPECIFIED,0.0,0.0
water-damage-restoration,united fire and water restoration,0,UNSPECIFIED,0.0,0.0
water-damage-restoration,repair water damaged wood window sill,0,UNSPECIFIED,0.0,0.0
water-damage-restoration,sos water and fire restoration,0,UNSPECIFIED,0.0,0.0
water-damage-restoration,xactimate water mitigation,0,UNSPECIFIED,0.0,0.0
water-damage-restoration,broken pipe in slab,0,UNSPECIFIED,0.0,0.0
water-damage-restoration,dki water restoration,0,UNSPECIFIED,0.0,0.0
water-damage-restoration,crack in foundation water in basement,0,UNSPECIFIED,0.0,0.0
water-damage-restoration,emergency fire and water restoration,0,UNSPECIFIED,0.0,0.0
water-damage-restoration,water damage around sink,0,UNSPECIFIED,0.0,0.0
water-damage-restoration,water damage furniture restoration,0,UNSPECIFIED,0.0,0.0
water-damage-restoration,mold water restoration,0,UNSPECIFIED,0.0,0.0
water-damage-restoration,water damage aurora,0,UNSPECIFIED,0.0,0.0
water-damage-restoration,fix broken water pipe under house,0,UNSPECIFIED,0.0,0.0
water-damage-restoration,atex water damage restoration,0,UNSPECIFIED,0.0,0.0
water-damage-restoration,complete water removal and restoration,0,UNSPECIFIED,0.0,0.0
water-damage-restoration,water damage restoration st paul,0,UNSPECIFIED,0.0,0.0
water-damage-restoration,cost to repair mold damage,0,UNSPECIFIED,0.0,0.0
water-damage-restoration,water pipe damage repair,0,UNSPECIFIED,0.0,0.0
water-damage-restoration,basement flood damage cleanup,0,UNSPECIFIED,0.0,0.0
water-damage-restoration,cost to repair water damage from roof leak,0,UNSPECIFIED,0.0,0.0
water-damage-restoration,affordable water damage,0,UNSPECIFIED,0.0,0.0
water-damage-restoration,ceiling leak drywall repair,0,UNSPECIFIED,0.0,0.0
water-damage-restoration,water coming through cracks in basement wall,0,UNSPECIFIED,0.0,0.0
water-damage-restoration,water damage mesa,0,UNSPECIFIED,0.0,0.0
water-damage-restoration,wet basement cleanup companies,0,UNSPECIFIED,0.0,0.0
water-damage-restoration,water damage restoration aurora,0,UNSPECIFIED,0.0,0.0
water-damage-restoration,water damaged swollen wood furniture,0,UNSPECIFIED,0.0,0.0
water-damage-restoration,flood damage carpet restoration,0,UNSPECIFIED,0.0,0.0
water-damage-restoration,cost to repair leak in ceiling,0,UNSPECIFIED,0.0,0.0
water-damage-restoration,fix broken pipe under house,0,UNSPECIFIED,0.0,0.0
water-damage-restoration,leaky ceiling quick fix,0,UNSPECIFIED,0.0,0.0
water-damage-restoration,black water flood damage,0,UNSPECIFIED,0.0,0.0
water-damage-restoration,top water damage restoration companies,0,UNSPECIFIED,0.0,0.0
water-damage-restoration,bathroom leaks through ceiling cost,0,UNSPECIFIED,0.0,0.0
water-damage-restoration,local water cleanup,0,UNSPECIFIED,0.0,0.0
water-damage-restoration,mold remediation and water restoration pros,0,UNSPECIFIED,0.0,0.0
water-damage-restoration,24 hour emergency water removal,0,UNSPECIFIED,0.0,0.0
water-damage-restoration,vines water restoration,0,UNSPECIFIED,0.0,0.0
water-damage-restoration,fire wind water restoration,0,UNSPECIFIED,0.0,0.0
water-damage-restoration,hole in ceiling water damage,0,UNSPECIFIED,0.0,0.0
water-damage-restoration,repair water damaged mdf door,0,UNSPECIFIED,0.0,0.0
water-damage-restoration,broken pipe underground,0,UNSPECIFIED,0.0,0.0
water-damage-restoration,cost to fix water leak in ceiling,0,UNSPECIFIED,0.0,0.0
water-damage-restoration,crack in ceiling leaking water,0,UNSPECIFIED,0.0,0.0
water-damage-restoration,centennial water restoration,0,UNSPECIFIED,0.0,0.0
water-damage-restoration,fix broken pipe underground,0,UNSPECIFIED,0.0,0.0
water-damage-restoration,carpet water restoration,0,UNSPECIFIED,0.0,0.0
water-damage-restoration,cost to repair water damaged wood floor,0,UNSPECIFIED,0.0,0.0
water-damage-restoration,paul davis water damage,0,UNSPECIFIED,0.0,0.0
water-damage-restoration,emergency fire & water restoration,0,UNSPECIFIED,0.0,0.0
water-damage-restoration,fix broken pipe in wall,0,UNSPECIFIED,0.0,0.0
water-damage-restoration,sewage damage restoration,0,UNSPECIFIED,0.0,0.0
water-damage-restoration,kitchen roof leaking,0,UNSPECIFIED,0.0,0.0
water-damage-restoration,servicemaster fire & water clean up,0,UNSPECIFIED,0.0,0.0
water-damage-restoration,cost to fix broken pipe in wall,0,UNSPECIFIED,0.0,0.0
water-damage-restoration,sewage water damage,0,UNSPECIFIED,0.0,0.0
water-damage-restoration,preferred water damage,0,UNSPECIFIED,0.0,0.0
water-damage-restoration,wall crack water leak,0,UNSPECIFIED,0.0,0.0
water-damage-restoration,water damaged mdf repair,0,UNSPECIFIED,0.0,0.0
water-damage-restoration,all american flood restoration,0,UNSPECIFIED,0.0,0.0
water-damage-restoration,superdry flood restoration,0,UNSPECIFIED,0.0,0.0
water-damage-restoration,a busted pipe,0,UNSPECIFIED,0.0,0.0
water-damage-restoration,commercial flood restoration,0,UNSPECIFIED,0.0,0.0
water-damage-restoration,water damage restoration in,0,UNSPECIFIED,0.0,0.0
water-damage-restoration,commercial damage restoration services near me,0,UNSPECIFIED,0.0,0.0
water-damage-restoration,rytech water damage and mold specialists,0,UNSPECIFIED,0.0,0.0
water-damage-restoration,underwater crack repair,0,UNSPECIFIED,0.0,0.0
water-damage-restoration,commercial water damage cleanup,0,UNSPECIFIED,0.0,0.0
water-damage-restoration,water damage restoration jupiter,0,UNSPECIFIED,0.0,0.0
water-damage-restoration,leak in kitchen ceiling from bathroom,0,UNSPECIFIED,0.0,0.0
water-damage-restoration,water damage cypress,0,UNSPECIFIED,0.0,0.0
water-damage-restoration,popcorn ceiling water stain repair,0,UNSPECIFIED,0.0,0.0
water-damage-restoration,repair water damaged interior doors,0,UNSPECIFIED,0.0,0.0
water-damage-restoration,flood damage restoration cost,0,UNSPECIFIED,0.0,0.0
water-damage-restoration,damage restoration services near me,0,UNSPECIFIED,0.0,0.0
water-damage-restoration,laminate water damage repair,0,UNSPECIFIED,0.0,0.0
water-damage-restoration,best water damage restoration companies near me,0,UNSPECIFIED,0.0,0.0
water-damage-restoration,cost to repair water leak in wall,0,UNSPECIFIED,0.0,0.0
water-damage-restoration,all pro fire and water restoration,0,UNSPECIFIED,0.0,0.0
water-damage-restoration,water leaking from bathroom wall,0,UNSPECIFIED,0.0,0.0
water-damage-restoration,damage cleanup,0,UNSPECIFIED,0.0,0.0
water-damage-restoration,water restoration inc,0,UNSPECIFIED,0.0,0.0
water-damage-restoration,burst geyser repair,0,UNSPECIFIED,0.0,0.0
water-damage-restoration,flood pros restoration,0,UNSPECIFIED,0.0,0.0
water-damage-restoration,flood damage cleanup companies,0,UNSPECIFIED,0.0,0.0
water-damage-restoration,sewage cleanup and restoration,0,UNSPECIFIED,0.0,0.0
water-damage-restoration,commercial water mitigation,0,UNSPECIFIED,0.0,0.0
water-damage-restoration,water damage restoration columbia,0,UNSPECIFIED,0.0,0.0
water-damage-restoration,water damage restoration concord,0,UNSPECIFIED,0.0,0.0
water-damage-restoration,water damage restoration keller,0,UNSPECIFIED,0.0,0.0
water-damage-restoration,water damage hamilton,0,UNSPECIFIED,0.0,0.0
water-damage-restoration,broken ceiling repair,0,UNSPECIFIED,0.0,0.0
water-damage-restoration,gei water damage restoration,0,UNSPECIFIED,0.0,0.0
water-damage-restoration,flood restoration hamilton,0,UNSPECIFIED,0.0,0.0
water-damage-restoration,belfor fire and flood,0,UNSPECIFIED,0.0,0.0
water-damage-restoration,water mitigation centennial,0,UNSPECIFIED,0.0,0.0
water-damage-restoration,water dryout,0,UNSPECIFIED,0.0,0.0
water-damage-restoration,cost to fix a broken pipe,0,UNSPECIFIED,0.0,0.0
water-damage-restoration,water damage dc,0,UNSPECIFIED,0.0,0.0
water-damage-restoration,water leak on drywall ceiling,0,UNSPECIFIED,0.0,0.0
water-damage-restoration,secondary water damage,0,UNSPECIFIED,0.0,0.0
water-damage-restoration,sewage water restoration,0,UNSPECIFIED,0.0,0.0
water-damage-restoration,local water mitigation,0,UNSPECIFIED,0.0,0.0
water-damage-restoration,commercial flood cleanup,0,UNSPECIFIED,0.0,0.0
water-damage-restoration,water out restoration,0,UNSPECIFIED,0.0,0.0
water-damage-restoration,fix water stain on popcorn ceiling,0,UNSPECIFIED,0.0,0.0
water-damage-restoration,bathroom ceiling damage,0,UNSPECIFIED,0.0,0.0
water-damage-restoration,black mold 24 hour emergency restoration,0,UNSPECIFIED,0.0,0.0
water-damage-restoration,carpet fire flood cleaning services,0,UNSPECIFIED,0.0,0.0
water-damage-restoration,carpet floor water damage,0,UNSPECIFIED,0.0,0.0
water-damage-restoration,carpet water damage cleanup,0,UNSPECIFIED,0.0,0.0
water-damage-restoration,category 3 water mitigation,0,UNSPECIFIED,0.0,0.0
water-damage-restoration,category 3 water remediation,0,UNSPECIFIED,0.0,0.0
water-damage-restoration,ceiling stain repair,0,UNSPECIFIED,0.0,0.0
water-damage-restoration,clean up fire and water,0,UNSPECIFIED,0.0,0.0
water-damage-restoration,commercial flood damage repair,0,UNSPECIFIED,0.0,0.0
water-damage-restoration,cost to repair water damaged drywall,0,UNSPECIFIED,0.0,0.0
water-damage-restoration,crack in ceiling below bathroom,0,UNSPECIFIED,0.0,0.0
water-damage-restoration,crack in ceiling from water,0,UNSPECIFIED,0.0,0.0
water-damage-restoration,davis mold remediation,0,UNSPECIFIED,0.0,0.0
water-damage-restoration,dealing with water damage,0,UNSPECIFIED,0.0,0.0
water-damage-restoration,deep water emergency services & restoration,0,UNSPECIFIED,0.0,0.0
water-damage-restoration,deep water emergency services and restoration,0,UNSPECIFIED,0.0,0.0
water-damage-restoration,drywall repair & restoration specialists,0,UNSPECIFIED,0.0,0.0
water-damage-restoration,emergency water cleanup company,0,UNSPECIFIED,0.0,0.0
water-damage-restoration,emergency water restoration 24 hour emergency restoration,0,UNSPECIFIED,0.0,0.0
water-damage-restoration,fire & water damage restoration asap,0,UNSPECIFIED,0.0,0.0
water-damage-restoration,fire and flood restoration cost,0,UNSPECIFIED,0.0,0.0
water-damage-restoration,fire and water restoration contractors,0,UNSPECIFIED,0.0,0.0
water-damage-restoration,fire water damage restoration contractors,0,UNSPECIFIED,0.0,0.0
water-damage-restoration,fire water mold cleanup,0,UNSPECIFIED,0.0,0.0
water-damage-restoration,fix popcorn ceiling water stain,0,UNSPECIFIED,0.0,0.0
water-damage-restoration,fix swollen laminate flooring,0,UNSPECIFIED,0.0,0.0
water-damage-restoration,fix water damaged laminate furniture,0,UNSPECIFIED,0.0,0.0
water-damage-restoration,flood cleanup contractors,0,UNSPECIFIED,0.0,0.0
water-damage-restoration,flood damage 24 hour emergency restoration,0,UNSPECIFIED,0.0,0.0
water-damage-restoration,flood damage drying,0,UNSPECIFIED,0.0,0.0
water-damage-restoration,flood damage restoration clare,0,UNSPECIFIED,0.0,0.0
water-damage-restoration,flood damage restoration san marco,0,UNSPECIFIED,0.0,0.0
water-damage-restoration,flood doctor water damage cleanup,0,UNSPECIFIED,0.0,0.0
water-damage-restoration,flood doctor water damage contractor,0,UNSPECIFIED,0.0,0.0
water-damage-restoration,flood doctor water damage mitigation,0,UNSPECIFIED,0.0,0.0
water-damage-restoration,flood doctor water damage repair,0,UNSPECIFIED,0.0,0.0
water-damage-restoration,flood doctor water damage restoration,0,UNSPECIFIED,0.0,0.0
water-damage-restoration,flood drying service,0,UNSPECIFIED,0.0,0.0
water-damage-restoration,flood pros disaster restoration services,0,UNSPECIFIED,0.0,0.0
water-damage-restoration,flood pros water damage restoration,0,UNSPECIFIED,0.0,0.0
water-damage-restoration,flood restoration services inc,0,UNSPECIFIED,0.0,0.0
water-damage-restoration,greenwood water damage,0,UNSPECIFIED,0.0,0.0
water-damage-restoration,greenwood water damage restoration,0,UNSPECIFIED,0.0,0.0
water-damage-restoration,gta water damage,0,UNSPECIFIED,0.0,0.0
water-damage-restoration,h20 911 restoration,0,UNSPECIFIED,0.0,0.0
water-damage-restoration,high spirited restoration inc water damage repair,0,UNSPECIFIED,0.0,0.0
water-damage-restoration,high spirited restoration inc water damage restoration service,0,UNSPECIFIED,0.0,0.0
water-damage-restoration,home water damage removal,0,UNSPECIFIED,0.0,0.0
water-damage-restoration,iicrc applied structural drying,0,UNSPECIFIED,0.0,0.0
water-damage-restoration,iicrc drying log,0,UNSPECIFIED,0.0,0.0
water-damage-restoration,iicrc water,0,UNSPECIFIED,0.0,0.0
water-damage-restoration,industrial water cleanup,0,UNSPECIFIED,0.0,0.0
water-damage-restoration,laminate worktop repair water damage,0,UNSPECIFIED,0.0,0.0
water-damage-restoration,lavender care water damage restoration,0,UNSPECIFIED,0.0,0.0
water-damage-restoration,leaking roof damage to ceiling,0,UNSPECIFIED,0.0,0.0
water-damage-restoration,local fire and flood restoration,0,UNSPECIFIED,0.0,0.0
water-damage-restoration,local water damage,0,UNSPECIFIED,0.0,0.0
water-damage-restoration,local water removal,0,UNSPECIFIED,0.0,0.0
water-damage-restoration,moldstar remediation water damage restoration,0,UNSPECIFIED,0.0,0.0
water-damage-restoration,mould damage restoration,0,UNSPECIFIED,0.0,0.0
water-damage-restoration,noah's flood restoration,0,UNSPECIFIED,0.0,0.0
water-damage-restoration,northeast water remediation inc,0,UNSPECIFIED,0.0,0.0
water-damage-restoration,occ911 fire wind and water damage restoration,0,UNSPECIFIED,0.0,0.0
water-damage-restoration,patching water damaged drywall,0,UNSPECIFIED,0.0,0.0
water-damage-restoration,pdq fire & water damage restoration,0,UNSPECIFIED,0.0,0.0
water-damage-restoration,popcorn ceiling stain repair,0,UNSPECIFIED,0.0,0.0
water-damage-restoration,premier fire and flood restoration,0,UNSPECIFIED,0.0,0.0
water-damage-restoration,prime restoration fire & water damage restoration,0,UNSPECIFIED,0.0,0.0
water-damage-restoration,repair hole in water pipe,0,UNSPECIFIED,0.0,0.0
water-damage-restoration,repair steam damage laminate floor,0,UNSPECIFIED,0.0,0.0
water-damage-restoration,repair swollen laminate flooring,0,UNSPECIFIED,0.0,0.0
water-damage-restoration,repairing swollen cabinets,0,UNSPECIFIED,0.0,0.0
water-damage-restoration,repairing water damaged mdf cabinets,0,UNSPECIFIED,0.0,0.0
water-damage-restoration,restore water damaged wood floor,0,UNSPECIFIED,0.0,0.0
water-damage-restoration,san jose water damage,0,UNSPECIFIED,0.0,0.0
water-damage-restoration,sewage cleanup belleville,0,UNSPECIFIED,0.0,0.0
water-damage-restoration,sewage cleanup brighton,0,UNSPECIFIED,0.0,0.0
water-damage-restoration,sewage cleanup centennial,0,UNSPECIFIED,0.0,0.0
water-damage-restoration,sewage cleanup concord,0,UNSPECIFIED,0.0,0.0
water-damage-restoration,sewage cleanup hamilton,0,UNSPECIFIED,0.0,0.0
water-damage-restoration,sewage cleanup lakewood,0,UNSPECIFIED,0.0,0.0
water-damage-restoration,sewage cleanup plainfield,0,UNSPECIFIED,0.0,0.0
water-damage-restoration,sewage cleanup redlands,0,UNSPECIFIED,0.0,0.0
water-damage-restoration,sewage cleanup york,0,UNSPECIFIED,0.0,0.0
water-damage-restoration,simplistic water restoration,0,UNSPECIFIED,0.0,0.0
water-damage-restoration,sincere water damage professionals,0,UNSPECIFIED,0.0,0.0
water-damage-restoration,smoke and water damage,0,UNSPECIFIED,0.0,0.0
water-damage-restoration,swollen laminate repair,0,UNSPECIFIED,0.0,0.0
water-damage-restoration,swollen wood furniture,0,UNSPECIFIED,0.0,0.0
water-damage-restoration,top water damage companies,0,UNSPECIFIED,0.0,0.0
water-damage-restoration,water and mould damage restoration,0,UNSPECIFIED,0.0,0.0
water-damage-restoration,water and mould restoration,0,UNSPECIFIED,0.0,0.0
water-damage-restoration,water cleanup restoration,0,UNSPECIFIED,0.0,0.0
water-damage-restoration,water cleanup restoration specialists,0,UNSPECIFIED,0.0,0.0
water-damage-restoration,water damage 24 hour emergency restoration,0,UNSPECIFIED,0.0,0.0
water-damage-restoration,water damage centennial,0,UNSPECIFIED,0.0,0.0
water-damage-restoration,water damage clean up ardmore,0,UNSPECIFIED,0.0,0.0
water-damage-restoration,water damage cleanup aurora,0,UNSPECIFIED,0.0,0.0
water-damage-restoration,water damage experts of long beach,0,UNSPECIFIED,0.0,0.0
water-damage-restoration,water damage fairfax united water restoration,0,UNSPECIFIED,0.0,0.0
water-damage-restoration,water damage greenwood,0,UNSPECIFIED,0.0,0.0
water-damage-restoration,water damage hollywood,0,UNSPECIFIED,0.0,0.0
water-damage-restoration,water damage orange,0,UNSPECIFIED,0.0,0.0
water-damage-restoration,water damage pineville,0,UNSPECIFIED,0.0,0.0
water-damage-restoration,water damage remediation service near me,0,UNSPECIFIED,0.0,0.0
water-damage-restoration,water damage restoration aventura,0,UNSPECIFIED,0.0,0.0
water-damage-restoration,water damage restoration avondale,0,UNSPECIFIED,0.0,0.0
water-damage-restoration,water damage restoration belleville,0,UNSPECIFIED,0.0,0.0
water-damage-restoration,water damage restoration best water damage restoration companies near me,0,UNSPECIFIED,0.0,0.0
water-damage-restoration,water damage restoration carroll county,0,UNSPECIFIED,0.0,0.0
water-damage-restoration,water damage restoration carson,0,UNSPECIFIED,0.0,0.0
water-damage-restoration,water damage restoration centennial,0,UNSPECIFIED,0.0,0.0
water-damage-restoration,water damage restoration chatsworth,0,UNSPECIFIED,0.0,0.0
water-damage-restoration,water damage restoration chino,0,UNSPECIFIED,0.0,0.0
water-damage-restoration,water damage restoration clermont,0,UNSPECIFIED,0.0,0.0
water-damage-restoration,water damage restoration corona,0,UNSPECIFIED,0.0,0.0
water-damage-restoration,water damage restoration cypress,0,UNSPECIFIED,0.0,0.0
water-damage-restoration,water damage restoration englewood,0,UNSPECIFIED,0.0,0.0
water-damage-restoration,water damage restoration fort worth flood damage,0,UNSPECIFIED,0.0,0.0
water-damage-restoration,water damage restoration fort worth mold remediation,0,UNSPECIFIED,0.0,0.0
water-damage-restoration,water damage restoration fort worth mold removal,0,UNSPECIFIED,0.0,0.0
water-damage-restoration,water damage restoration fort worth smoke damage,0,UNSPECIFIED,0.0,0.0
water-damage-restoration,water damage restoration grapevine,0,UNSPECIFIED,0.0,0.0
water-damage-restoration,water damage restoration greenacres,0,UNSPECIFIED,0.0,0.0
water-damage-restoration,water damage restoration greenwood,0,UNSPECIFIED,0.0,0.0
water-damage-restoration,water damage restoration hastings,0,UNSPECIFIED,0.0,0.0
water-damage-restoration,water damage restoration hollywood,0,UNSPECIFIED,0.0,0.0
water-damage-restoration,water damage restoration homestead,0,UNSPECIFIED,0.0,0.0
water-damage-restoration,water damage restoration layton,0,UNSPECIFIED,0.0,0.0
water-damage-restoration,water damage restoration matthews,0,UNSPECIFIED,0.0,0.0
water-damage-restoration,water damage restoration near me restoration specialists,0,UNSPECIFIED,0.0,0.0
water-damage-restoration,water damage restoration north hollywood,0,UNSPECIFIED,0.0,0.0
water-damage-restoration,water damage restoration palos verdes,0,UNSPECIFIED,0.0,0.0
water-damage-restoration,water damage restoration pdq of spring,0,UNSPECIFIED,0.0,0.0
water-damage-restoration,water damage restoration plainfield,0,UNSPECIFIED,0.0,0.0
water-damage-restoration,water damage restoration plantation,0,UNSPECIFIED,0.0,0.0
water-damage-restoration,water damage restoration redlands,0,UNSPECIFIED,0.0,0.0
water-damage-restoration,water damage restoration salisbury,0,UNSPECIFIED,0.0,0.0
water-damage-restoration,water damage restoration sandy,0,UNSPECIFIED,0.0,0.0
water-damage-restoration,water damage restoration spring,0,UNSPECIFIED,0.0,0.0
water-damage-restoration,water damage restoration westminster,0,UNSPECIFIED,0.0,0.0
water-damage-restoration,water damage restoration woodstock,0,UNSPECIFIED,0.0,0.0
water-damage-restoration,water damage restoration york,0,UNSPECIFIED,0.0,0.0
water-damage-restoration,water damage westfield,0,UNSPECIFIED,0.0,0.0
water-damage-restoration,water damage westminster,0,UNSPECIFIED,0.0,0.0
water-damage-restoration,water damaged artex ceiling,0,UNSPECIFIED,0.0,0.0
water-damage-restoration,water extraction 24 hour emergency restoration,0,UNSPECIFIED,0.0,0.0
water-damage-restoration,water fixing water damage restoration service,0,UNSPECIFIED,0.0,0.0
water-damage-restoration,water leak on popcorn ceiling,0,UNSPECIFIED,0.0,0.0
water-damage-restoration,water mitigation hamilton,0,UNSPECIFIED,0.0,0.0
water-damage-restoration,water removal flood damage cleanup services,0,UNSPECIFIED,0.0,0.0
water-damage-restoration,water restoration 24 hour emergency restoration,0,UNSPECIFIED,0.0,0.0
water-damage-restoration,water restoration charlotte 24 hour emergency restoration,0,UNSPECIFIED,0.0,0.0
water-damage-restoration,water restoration greenwood,0,UNSPECIFIED,0.0,0.0
water-damage-restoration,water restoration hamilton,0,UNSPECIFIED,0.0,0.0
water-damage-restoration,water restoration homewood,0,UNSPECIFIED,0.0,0.0
water-damage-restoration,water restoration restoration specialists,0,UNSPECIFIED,0.0,0.0
water-damage-restoration,water restoration services cost,0,UNSPECIFIED,0.0,0.0
water-damage-restoration,water under laminate flooring mold,0,UNSPECIFIED,0.0,0.0
