url_path,archetype,title,h1,meta_description,primary_keyword,secondary_keywords,search_intent,search_volume,difficulty,target_word_count,image_roles,schema_stubs,internal_links_out,priority,status
/services/fire-damage-restoration/,service-landing,Fire Damage Restoration in Charleston | Paul Davis Restoration of Charleston,Fire Damage Restoration in Charleston,Fire damage restoration in Charleston and surrounding areas. Insurance billing accepted. Call.,fire damage restoration charleston,fire cleanup|fire and smoke restoration|structural fire damage|post-fire restoration|fire damage repair,local_emergency,,,1100,hero|og|inline-1|inline-2,service|local-business|faq|breadcrumb-list,/services/|/contact/|/service-areas/awendaw-sc/fire-damage-restoration/|/service-areas/bonneau-sc/fire-damage-restoration/|/service-areas/folly-beach-sc/fire-damage-restoration/|/service-areas/goose-creek-sc/fire-damage-restoration/|/service-areas/hanahan-sc/fire-damage-restoration/|/service-areas/hollywood-sc/fire-damage-restoration/|/service-areas/isle-of-palms-sc/fire-damage-restoration/|/service-areas/james-island-sc/fire-damage-restoration/|/service-areas/kiawah-island-sc/fire-damage-restoration/|/service-areas/ladson-sc/fire-damage-restoration/|/service-areas/meggett-sc/fire-damage-restoration/|/service-areas/moncks-corner-sc/fire-damage-restoration/|/blog/choosing-a-restoration-company/|/blog/fire-damage-restoration-process/|/blog/smoke-odor-removal-techniques/,9.00,planned
/services/mold-remediation/,service-landing,Mold Remediation in Charleston | Paul Davis Restoration of Charleston,Mold Remediation in Charleston,Mold remediation in Charleston and surrounding areas. Insurance billing accepted. Call.,mold remediation charleston,mold removal|black mold remediation|mold abatement|mold containment|mold cleanup,local_health,,,1100,hero|og|inline-1|inline-2,service|local-business|faq|breadcrumb-list,/services/|/contact/|/service-areas/awendaw-sc/mold-remediation/|/service-areas/bonneau-sc/mold-remediation/|/service-areas/folly-beach-sc/mold-remediation/|/service-areas/goose-creek-sc/mold-remediation/|/service-areas/hanahan-sc/mold-remediation/|/service-areas/hollywood-sc/mold-remediation/|/service-areas/isle-of-palms-sc/mold-remediation/|/service-areas/james-island-sc/mold-remediation/|/service-areas/kiawah-island-sc/mold-remediation/|/service-areas/ladson-sc/mold-remediation/|/service-areas/meggett-sc/mold-remediation/|/service-areas/moncks-corner-sc/mold-remediation/|/blog/choosing-a-restoration-company/|/blog/how-to-test-for-mold/|/blog/signs-of-hidden-mold/,9.00,planned
/service-areas/awendaw-sc/fire-damage-restoration/,service-area-service,"Fire Damage Restoration in Awendaw, SC | Paul Davis Restoration of Charleston",Fire Damage Restoration in Awendaw,"Fire damage restoration in Awendaw, SC. Insurance billing accepted. Call.",fire damage restoration awendaw,fire cleanup|fire and smoke restoration|structural fire damage|post-fire restoration|fire damage repair,local_emergency,,,900,hero|og|inline-1|inline-2,service|local-business|faq|breadcrumb-list,/services/fire-damage-restoration/|/service-areas/awendaw-sc/|/service-areas/awendaw-sc/mold-remediation/|/service-areas/awendaw-sc/water-damage-restoration/|/service-areas/bonneau-sc/fire-damage-restoration/|/service-areas/folly-beach-sc/fire-damage-restoration/|/contact/,7.00,planned
/service-areas/awendaw-sc/mold-remediation/,service-area-service,"Mold Remediation in Awendaw, SC | Paul Davis Restoration of Charleston",Mold Remediation in Awendaw,"Mold remediation in Awendaw, SC. Insurance billing accepted. Call.",mold remediation awendaw,mold removal|black mold remediation|mold abatement|mold containment|mold cleanup,local_health,,,900,hero|og|inline-1|inline-2,service|local-business|faq|breadcrumb-list,/services/mold-remediation/|/service-areas/awendaw-sc/|/service-areas/awendaw-sc/fire-damage-restoration/|/service-areas/awendaw-sc/water-damage-restoration/|/service-areas/bonneau-sc/mold-remediation/|/service-areas/folly-beach-sc/mold-remediation/|/contact/,7.00,planned
/service-areas/awendaw-sc/water-damage-restoration/,service-area-service,"Water Damage Restoration in Awendaw, SC | Paul Davis Restoration of Charleston",Water Damage Restoration in Awendaw,"Water damage restoration in Awendaw, SC. Insurance billing accepted. Call.",water damage restoration awendaw,water removal|water extraction|water cleanup|structural drying|water mitigation,local_emergency,,,900,hero|og|inline-1|inline-2,service|local-business|faq|breadcrumb-list,/services/water-damage-restoration/|/service-areas/awendaw-sc/|/service-areas/awendaw-sc/fire-damage-restoration/|/service-areas/awendaw-sc/mold-remediation/|/service-areas/bonneau-sc/water-damage-restoration/|/service-areas/folly-beach-sc/water-damage-restoration/|/contact/,7.00,planned
/service-areas/bonneau-sc/fire-damage-restoration/,service-area-service,"Fire Damage Restoration in Bonneau, SC | Paul Davis Restoration of Charleston",Fire Damage Restoration in Bonneau,"Fire damage restoration in Bonneau, SC. Insurance billing accepted. Call.",fire damage restoration bonneau,fire cleanup|fire and smoke restoration|structural fire damage|post-fire restoration|fire damage repair,local_emergency,,,900,hero|og|inline-1|inline-2,service|local-business|faq|breadcrumb-list,/services/fire-damage-restoration/|/service-areas/bonneau-sc/|/service-areas/bonneau-sc/mold-remediation/|/service-areas/bonneau-sc/water-damage-restoration/|/service-areas/awendaw-sc/fire-damage-restoration/|/service-areas/folly-beach-sc/fire-damage-restoration/|/contact/,7.00,planned
/service-areas/bonneau-sc/mold-remediation/,service-area-service,"Mold Remediation in Bonneau, SC | Paul Davis Restoration of Charleston",Mold Remediation in Bonneau,"Mold remediation in Bonneau, SC. Insurance billing accepted. Call.",mold remediation bonneau,mold removal|black mold remediation|mold abatement|mold containment|mold cleanup,local_health,,,900,hero|og|inline-1|inline-2,service|local-business|faq|breadcrumb-list,/services/mold-remediation/|/service-areas/bonneau-sc/|/service-areas/bonneau-sc/fire-damage-restoration/|/service-areas/bonneau-sc/water-damage-restoration/|/service-areas/awendaw-sc/mold-remediation/|/service-areas/folly-beach-sc/mold-remediation/|/contact/,7.00,planned
/service-areas/bonneau-sc/water-damage-restoration/,service-area-service,"Water Damage Restoration in Bonneau, SC | Paul Davis Restoration of Charleston",Water Damage Restoration in Bonneau,"Water damage restoration in Bonneau, SC. Insurance billing accepted. Call.",water damage restoration bonneau,water removal|water extraction|water cleanup|structural drying|water mitigation,local_emergency,,,900,hero|og|inline-1|inline-2,service|local-business|faq|breadcrumb-list,/services/water-damage-restoration/|/service-areas/bonneau-sc/|/service-areas/bonneau-sc/fire-damage-restoration/|/service-areas/bonneau-sc/mold-remediation/|/service-areas/awendaw-sc/water-damage-restoration/|/service-areas/folly-beach-sc/water-damage-restoration/|/contact/,7.00,planned
/service-areas/folly-beach-sc/fire-damage-restoration/,service-area-service,"Fire Damage Restoration in Folly Beach, SC | Paul Davis Restoration of Charleston",Fire Damage Restoration in Folly Beach,"Fire damage restoration in Folly Beach, SC. Insurance billing accepted. Call.",fire damage restoration folly beach,fire cleanup|fire and smoke restoration|structural fire damage|post-fire restoration|fire damage repair,local_emergency,,,900,hero|og|inline-1|inline-2,service|local-business|faq|breadcrumb-list,/services/fire-damage-restoration/|/service-areas/folly-beach-sc/|/service-areas/folly-beach-sc/mold-remediation/|/service-areas/folly-beach-sc/water-damage-restoration/|/service-areas/awendaw-sc/fire-damage-restoration/|/service-areas/bonneau-sc/fire-damage-restoration/|/contact/,7.00,planned
/service-areas/folly-beach-sc/mold-remediation/,service-area-service,"Mold Remediation in Folly Beach, SC | Paul Davis Restoration of Charleston",Mold Remediation in Folly Beach,"Mold remediation in Folly Beach, SC. Insurance billing accepted. Call.",mold remediation folly beach,mold removal|black mold remediation|mold abatement|mold containment|mold cleanup,local_health,,,900,hero|og|inline-1|inline-2,service|local-business|faq|breadcrumb-list,/services/mold-remediation/|/service-areas/folly-beach-sc/|/service-areas/folly-beach-sc/fire-damage-restoration/|/service-areas/folly-beach-sc/water-damage-restoration/|/service-areas/awendaw-sc/mold-remediation/|/service-areas/bonneau-sc/mold-remediation/|/contact/,7.00,planned
/service-areas/folly-beach-sc/water-damage-restoration/,service-area-service,"Water Damage Restoration in Folly Beach, SC | Paul Davis Restoration of Charleston",Water Damage Restoration in Folly Beach,"Water damage restoration in Folly Beach, SC. Insurance billing accepted. Call.",water damage restoration folly beach,water removal|water extraction|water cleanup|structural drying|water mitigation,local_emergency,,,900,hero|og|inline-1|inline-2,service|local-business|faq|breadcrumb-list,/services/water-damage-restoration/|/service-areas/folly-beach-sc/|/service-areas/folly-beach-sc/fire-damage-restoration/|/service-areas/folly-beach-sc/mold-remediation/|/service-areas/awendaw-sc/water-damage-restoration/|/service-areas/bonneau-sc/water-damage-restoration/|/contact/,7.00,planned
/service-areas/goose-creek-sc/fire-damage-restoration/,service-area-service,"Fire Damage Restoration in Goose Creek, SC | Paul Davis Restoration of Charleston",Fire Damage Restoration in Goose Creek,"Fire damage restoration in Goose Creek, SC. Insurance billing accepted. Call.",fire damage restoration goose creek,fire cleanup|fire and smoke restoration|structural fire damage|post-fire restoration|fire damage repair,local_emergency,,,900,hero|og|inline-1|inline-2,service|local-business|faq|breadcrumb-list,/services/fire-damage-restoration/|/service-areas/goose-creek-sc/|/service-areas/goose-creek-sc/mold-remediation/|/service-areas/goose-creek-sc/water-damage-restoration/|/service-areas/awendaw-sc/fire-damage-restoration/|/service-areas/bonneau-sc/fire-damage-restoration/|/contact/,7.00,planned
/service-areas/goose-creek-sc/mold-remediation/,service-area-service,"Mold Remediation in Goose Creek, SC | Paul Davis Restoration of Charleston",Mold Remediation in Goose Creek,"Mold remediation in Goose Creek, SC. Insurance billing accepted. Call.",mold remediation goose creek,mold removal|black mold remediation|mold abatement|mold containment|mold cleanup,local_health,,,900,hero|og|inline-1|inline-2,service|local-business|faq|breadcrumb-list,/services/mold-remediation/|/service-areas/goose-creek-sc/|/service-areas/goose-creek-sc/fire-damage-restoration/|/service-areas/goose-creek-sc/water-damage-restoration/|/service-areas/awendaw-sc/mold-remediation/|/service-areas/bonneau-sc/mold-remediation/|/contact/,7.00,planned
/service-areas/goose-creek-sc/water-damage-restoration/,service-area-service,"Water Damage Restoration in Goose Creek, SC | Paul Davis Restoration of Charleston",Water Damage Restoration in Goose Creek,"Water damage restoration in Goose Creek, SC. Insurance billing accepted. Call.",water damage restoration goose creek,water removal|water extraction|water cleanup|structural drying|water mitigation,local_emergency,,,900,hero|og|inline-1|inline-2,service|local-business|faq|breadcrumb-list,/services/water-damage-restoration/|/service-areas/goose-creek-sc/|/service-areas/goose-creek-sc/fire-damage-restoration/|/service-areas/goose-creek-sc/mold-remediation/|/service-areas/awendaw-sc/water-damage-restoration/|/service-areas/bonneau-sc/water-damage-restoration/|/contact/,7.00,planned
/service-areas/hanahan-sc/fire-damage-restoration/,service-area-service,"Fire Damage Restoration in Hanahan, SC | Paul Davis Restoration of Charleston",Fire Damage Restoration in Hanahan,"Fire damage restoration in Hanahan, SC. Insurance billing accepted. Call.",fire damage restoration hanahan,fire cleanup|fire and smoke restoration|structural fire damage|post-fire restoration|fire damage repair,local_emergency,,,900,hero|og|inline-1|inline-2,service|local-business|faq|breadcrumb-list,/services/fire-damage-restoration/|/service-areas/hanahan-sc/|/service-areas/hanahan-sc/mold-remediation/|/service-areas/hanahan-sc/water-damage-restoration/|/service-areas/awendaw-sc/fire-damage-restoration/|/service-areas/bonneau-sc/fire-damage-restoration/|/contact/,7.00,planned
/service-areas/hanahan-sc/mold-remediation/,service-area-service,"Mold Remediation in Hanahan, SC | Paul Davis Restoration of Charleston",Mold Remediation in Hanahan,"Mold remediation in Hanahan, SC. Insurance billing accepted. Call.",mold remediation hanahan,mold removal|black mold remediation|mold abatement|mold containment|mold cleanup,local_health,,,900,hero|og|inline-1|inline-2,service|local-business|faq|breadcrumb-list,/services/mold-remediation/|/service-areas/hanahan-sc/|/service-areas/hanahan-sc/fire-damage-restoration/|/service-areas/hanahan-sc/water-damage-restoration/|/service-areas/awendaw-sc/mold-remediation/|/service-areas/bonneau-sc/mold-remediation/|/contact/,7.00,planned
/service-areas/hanahan-sc/water-damage-restoration/,service-area-service,"Water Damage Restoration in Hanahan, SC | Paul Davis Restoration of Charleston",Water Damage Restoration in Hanahan,"Water damage restoration in Hanahan, SC. Insurance billing accepted. Call.",water damage restoration hanahan,water removal|water extraction|water cleanup|structural drying|water mitigation,local_emergency,,,900,hero|og|inline-1|inline-2,service|local-business|faq|breadcrumb-list,/services/water-damage-restoration/|/service-areas/hanahan-sc/|/service-areas/hanahan-sc/fire-damage-restoration/|/service-areas/hanahan-sc/mold-remediation/|/service-areas/awendaw-sc/water-damage-restoration/|/service-areas/bonneau-sc/water-damage-restoration/|/contact/,7.00,planned
/service-areas/hollywood-sc/fire-damage-restoration/,service-area-service,"Fire Damage Restoration in Hollywood, SC | Paul Davis Restoration of Charleston",Fire Damage Restoration in Hollywood,"Fire damage restoration in Hollywood, SC. Insurance billing accepted. Call.",fire damage restoration hollywood,fire cleanup|fire and smoke restoration|structural fire damage|post-fire restoration|fire damage repair,local_emergency,,,900,hero|og|inline-1|inline-2,service|local-business|faq|breadcrumb-list,/services/fire-damage-restoration/|/service-areas/hollywood-sc/|/service-areas/hollywood-sc/mold-remediation/|/service-areas/hollywood-sc/water-damage-restoration/|/service-areas/awendaw-sc/fire-damage-restoration/|/service-areas/bonneau-sc/fire-damage-restoration/|/contact/,7.00,planned
/service-areas/hollywood-sc/mold-remediation/,service-area-service,"Mold Remediation in Hollywood, SC | Paul Davis Restoration of Charleston",Mold Remediation in Hollywood,"Mold remediation in Hollywood, SC. Insurance billing accepted. Call.",mold remediation hollywood,mold removal|black mold remediation|mold abatement|mold containment|mold cleanup,local_health,,,900,hero|og|inline-1|inline-2,service|local-business|faq|breadcrumb-list,/services/mold-remediation/|/service-areas/hollywood-sc/|/service-areas/hollywood-sc/fire-damage-restoration/|/service-areas/hollywood-sc/water-damage-restoration/|/service-areas/awendaw-sc/mold-remediation/|/service-areas/bonneau-sc/mold-remediation/|/contact/,7.00,planned
/service-areas/hollywood-sc/water-damage-restoration/,service-area-service,"Water Damage Restoration in Hollywood, SC | Paul Davis Restoration of Charleston",Water Damage Restoration in Hollywood,"Water damage restoration in Hollywood, SC. Insurance billing accepted. Call.",water damage restoration hollywood,water removal|water extraction|water cleanup|structural drying|water mitigation,local_emergency,,,900,hero|og|inline-1|inline-2,service|local-business|faq|breadcrumb-list,/services/water-damage-restoration/|/service-areas/hollywood-sc/|/service-areas/hollywood-sc/fire-damage-restoration/|/service-areas/hollywood-sc/mold-remediation/|/service-areas/awendaw-sc/water-damage-restoration/|/service-areas/bonneau-sc/water-damage-restoration/|/contact/,7.00,planned
/service-areas/isle-of-palms-sc/fire-damage-restoration/,service-area-service,"Fire Damage Restoration in Isle of Palms, SC | Paul Davis Restoration of Charleston",Fire Damage Restoration in Isle of Palms,"Fire damage restoration in Isle of Palms, SC. Insurance billing accepted. Call.",fire damage restoration isle of palms,fire cleanup|fire and smoke restoration|structural fire damage|post-fire restoration|fire damage repair,local_emergency,,,900,hero|og|inline-1|inline-2,service|local-business|faq|breadcrumb-list,/services/fire-damage-restoration/|/service-areas/isle-of-palms-sc/|/service-areas/isle-of-palms-sc/mold-remediation/|/service-areas/isle-of-palms-sc/water-damage-restoration/|/service-areas/awendaw-sc/fire-damage-restoration/|/service-areas/bonneau-sc/fire-damage-restoration/|/contact/,7.00,planned
/service-areas/isle-of-palms-sc/mold-remediation/,service-area-service,"Mold Remediation in Isle of Palms, SC | Paul Davis Restoration of Charleston",Mold Remediation in Isle of Palms,"Mold remediation in Isle of Palms, SC. Insurance billing accepted. Call.",mold remediation isle of palms,mold removal|black mold remediation|mold abatement|mold containment|mold cleanup,local_health,,,900,hero|og|inline-1|inline-2,service|local-business|faq|breadcrumb-list,/services/mold-remediation/|/service-areas/isle-of-palms-sc/|/service-areas/isle-of-palms-sc/fire-damage-restoration/|/service-areas/isle-of-palms-sc/water-damage-restoration/|/service-areas/awendaw-sc/mold-remediation/|/service-areas/bonneau-sc/mold-remediation/|/contact/,7.00,planned
/service-areas/isle-of-palms-sc/water-damage-restoration/,service-area-service,"Water Damage Restoration in Isle of Palms, SC | Paul Davis Restoration of Charleston",Water Damage Restoration in Isle of Palms,"Water damage restoration in Isle of Palms, SC. Insurance billing accepted. Call.",water damage restoration isle of palms,water removal|water extraction|water cleanup|structural drying|water mitigation,local_emergency,,,900,hero|og|inline-1|inline-2,service|local-business|faq|breadcrumb-list,/services/water-damage-restoration/|/service-areas/isle-of-palms-sc/|/service-areas/isle-of-palms-sc/fire-damage-restoration/|/service-areas/isle-of-palms-sc/mold-remediation/|/service-areas/awendaw-sc/water-damage-restoration/|/service-areas/bonneau-sc/water-damage-restoration/|/contact/,7.00,planned
/service-areas/james-island-sc/fire-damage-restoration/,service-area-service,"Fire Damage Restoration in James Island, SC | Paul Davis Restoration of Charleston",Fire Damage Restoration in James Island,"Fire damage restoration in James Island, SC. Insurance billing accepted. Call.",fire damage restoration james island,fire cleanup|fire and smoke restoration|structural fire damage|post-fire restoration|fire damage repair,local_emergency,,,900,hero|og|inline-1|inline-2,service|local-business|faq|breadcrumb-list,/services/fire-damage-restoration/|/service-areas/james-island-sc/|/service-areas/james-island-sc/mold-remediation/|/service-areas/james-island-sc/water-damage-restoration/|/service-areas/awendaw-sc/fire-damage-restoration/|/service-areas/bonneau-sc/fire-damage-restoration/|/contact/,7.00,planned
/service-areas/james-island-sc/mold-remediation/,service-area-service,"Mold Remediation in James Island, SC | Paul Davis Restoration of Charleston",Mold Remediation in James Island,"Mold remediation in James Island, SC. Insurance billing accepted. Call.",mold remediation james island,mold removal|black mold remediation|mold abatement|mold containment|mold cleanup,local_health,,,900,hero|og|inline-1|inline-2,service|local-business|faq|breadcrumb-list,/services/mold-remediation/|/service-areas/james-island-sc/|/service-areas/james-island-sc/fire-damage-restoration/|/service-areas/james-island-sc/water-damage-restoration/|/service-areas/awendaw-sc/mold-remediation/|/service-areas/bonneau-sc/mold-remediation/|/contact/,7.00,planned
/service-areas/james-island-sc/water-damage-restoration/,service-area-service,"Water Damage Restoration in James Island, SC | Paul Davis Restoration of Charleston",Water Damage Restoration in James Island,"Water damage restoration in James Island, SC. Insurance billing accepted. Call.",water damage restoration james island,water removal|water extraction|water cleanup|structural drying|water mitigation,local_emergency,,,900,hero|og|inline-1|inline-2,service|local-business|faq|breadcrumb-list,/services/water-damage-restoration/|/service-areas/james-island-sc/|/service-areas/james-island-sc/fire-damage-restoration/|/service-areas/james-island-sc/mold-remediation/|/service-areas/awendaw-sc/water-damage-restoration/|/service-areas/bonneau-sc/water-damage-restoration/|/contact/,7.00,planned
/service-areas/kiawah-island-sc/fire-damage-restoration/,service-area-service,"Fire Damage Restoration in Kiawah Island, SC | Paul Davis Restoration of Charleston",Fire Damage Restoration in Kiawah Island,"Fire damage restoration in Kiawah Island, SC. Insurance billing accepted. Call.",fire damage restoration kiawah island,fire cleanup|fire and smoke restoration|structural fire damage|post-fire restoration|fire damage repair,local_emergency,,,900,hero|og|inline-1|inline-2,service|local-business|faq|breadcrumb-list,/services/fire-damage-restoration/|/service-areas/kiawah-island-sc/|/service-areas/kiawah-island-sc/mold-remediation/|/service-areas/kiawah-island-sc/water-damage-restoration/|/service-areas/awendaw-sc/fire-damage-restoration/|/service-areas/bonneau-sc/fire-damage-restoration/|/contact/,7.00,planned
/service-areas/kiawah-island-sc/mold-remediation/,service-area-service,"Mold Remediation in Kiawah Island, SC | Paul Davis Restoration of Charleston",Mold Remediation in Kiawah Island,"Mold remediation in Kiawah Island, SC. Insurance billing accepted. Call.",mold remediation kiawah island,mold removal|black mold remediation|mold abatement|mold containment|mold cleanup,local_health,,,900,hero|og|inline-1|inline-2,service|local-business|faq|breadcrumb-list,/services/mold-remediation/|/service-areas/kiawah-island-sc/|/service-areas/kiawah-island-sc/fire-damage-restoration/|/service-areas/kiawah-island-sc/water-damage-restoration/|/service-areas/awendaw-sc/mold-remediation/|/service-areas/bonneau-sc/mold-remediation/|/contact/,7.00,planned
/service-areas/kiawah-island-sc/water-damage-restoration/,service-area-service,"Water Damage Restoration in Kiawah Island, SC | Paul Davis Restoration of Charleston",Water Damage Restoration in Kiawah Island,"Water damage restoration in Kiawah Island, SC. Insurance billing accepted. Call.",water damage restoration kiawah island,water removal|water extraction|water cleanup|structural drying|water mitigation,local_emergency,,,900,hero|og|inline-1|inline-2,service|local-business|faq|breadcrumb-list,/services/water-damage-restoration/|/service-areas/kiawah-island-sc/|/service-areas/kiawah-island-sc/fire-damage-restoration/|/service-areas/kiawah-island-sc/mold-remediation/|/service-areas/awendaw-sc/water-damage-restoration/|/service-areas/bonneau-sc/water-damage-restoration/|/contact/,7.00,planned
/service-areas/ladson-sc/fire-damage-restoration/,service-area-service,"Fire Damage Restoration in Ladson, SC | Paul Davis Restoration of Charleston",Fire Damage Restoration in Ladson,"Fire damage restoration in Ladson, SC. Insurance billing accepted. Call.",fire damage restoration ladson,fire cleanup|fire and smoke restoration|structural fire damage|post-fire restoration|fire damage repair,local_emergency,,,900,hero|og|inline-1|inline-2,service|local-business|faq|breadcrumb-list,/services/fire-damage-restoration/|/service-areas/ladson-sc/|/service-areas/ladson-sc/mold-remediation/|/service-areas/ladson-sc/water-damage-restoration/|/service-areas/awendaw-sc/fire-damage-restoration/|/service-areas/bonneau-sc/fire-damage-restoration/|/contact/,7.00,planned
/service-areas/ladson-sc/mold-remediation/,service-area-service,"Mold Remediation in Ladson, SC | Paul Davis Restoration of Charleston",Mold Remediation in Ladson,"Mold remediation in Ladson, SC. Insurance billing accepted. Call.",mold remediation ladson,mold removal|black mold remediation|mold abatement|mold containment|mold cleanup,local_health,,,900,hero|og|inline-1|inline-2,service|local-business|faq|breadcrumb-list,/services/mold-remediation/|/service-areas/ladson-sc/|/service-areas/ladson-sc/fire-damage-restoration/|/service-areas/ladson-sc/water-damage-restoration/|/service-areas/awendaw-sc/mold-remediation/|/service-areas/bonneau-sc/mold-remediation/|/contact/,7.00,planned
/service-areas/ladson-sc/water-damage-restoration/,service-area-service,"Water Damage Restoration in Ladson, SC | Paul Davis Restoration of Charleston",Water Damage Restoration in Ladson,"Water damage restoration in Ladson, SC. Insurance billing accepted. Call.",water damage restoration ladson,water removal|water extraction|water cleanup|structural drying|water mitigation,local_emergency,,,900,hero|og|inline-1|inline-2,service|local-business|faq|breadcrumb-list,/services/water-damage-restoration/|/service-areas/ladson-sc/|/service-areas/ladson-sc/fire-damage-restoration/|/service-areas/ladson-sc/mold-remediation/|/service-areas/awendaw-sc/water-damage-restoration/|/service-areas/bonneau-sc/water-damage-restoration/|/contact/,7.00,planned
/service-areas/meggett-sc/fire-damage-restoration/,service-area-service,"Fire Damage Restoration in Meggett, SC | Paul Davis Restoration of Charleston",Fire Damage Restoration in Meggett,"Fire damage restoration in Meggett, SC. Insurance billing accepted. Call.",fire damage restoration meggett,fire cleanup|fire and smoke restoration|structural fire damage|post-fire restoration|fire damage repair,local_emergency,,,900,hero|og|inline-1|inline-2,service|local-business|faq|breadcrumb-list,/services/fire-damage-restoration/|/service-areas/meggett-sc/|/service-areas/meggett-sc/mold-remediation/|/service-areas/meggett-sc/water-damage-restoration/|/service-areas/awendaw-sc/fire-damage-restoration/|/service-areas/bonneau-sc/fire-damage-restoration/|/contact/,7.00,planned
/service-areas/meggett-sc/mold-remediation/,service-area-service,"Mold Remediation in Meggett, SC | Paul Davis Restoration of Charleston",Mold Remediation in Meggett,"Mold remediation in Meggett, SC. Insurance billing accepted. Call.",mold remediation meggett,mold removal|black mold remediation|mold abatement|mold containment|mold cleanup,local_health,,,900,hero|og|inline-1|inline-2,service|local-business|faq|breadcrumb-list,/services/mold-remediation/|/service-areas/meggett-sc/|/service-areas/meggett-sc/fire-damage-restoration/|/service-areas/meggett-sc/water-damage-restoration/|/service-areas/awendaw-sc/mold-remediation/|/service-areas/bonneau-sc/mold-remediation/|/contact/,7.00,planned
/service-areas/meggett-sc/water-damage-restoration/,service-area-service,"Water Damage Restoration in Meggett, SC | Paul Davis Restoration of Charleston",Water Damage Restoration in Meggett,"Water damage restoration in Meggett, SC. Insurance billing accepted. Call.",water damage restoration meggett,water removal|water extraction|water cleanup|structural drying|water mitigation,local_emergency,,,900,hero|og|inline-1|inline-2,service|local-business|faq|breadcrumb-list,/services/water-damage-restoration/|/service-areas/meggett-sc/|/service-areas/meggett-sc/fire-damage-restoration/|/service-areas/meggett-sc/mold-remediation/|/service-areas/awendaw-sc/water-damage-restoration/|/service-areas/bonneau-sc/water-damage-restoration/|/contact/,7.00,planned
/service-areas/moncks-corner-sc/fire-damage-restoration/,service-area-service,"Fire Damage Restoration in Moncks Corner, SC | Paul Davis Restoration of Charleston",Fire Damage Restoration in Moncks Corner,"Fire damage restoration in Moncks Corner, SC. Insurance billing accepted. Call.",fire damage restoration moncks corner,fire cleanup|fire and smoke restoration|structural fire damage|post-fire restoration|fire damage repair,local_emergency,,,900,hero|og|inline-1|inline-2,service|local-business|faq|breadcrumb-list,/services/fire-damage-restoration/|/service-areas/moncks-corner-sc/|/service-areas/moncks-corner-sc/mold-remediation/|/service-areas/moncks-corner-sc/water-damage-restoration/|/service-areas/awendaw-sc/fire-damage-restoration/|/service-areas/bonneau-sc/fire-damage-restoration/|/contact/,7.00,planned
/service-areas/moncks-corner-sc/mold-remediation/,service-area-service,"Mold Remediation in Moncks Corner, SC | Paul Davis Restoration of Charleston",Mold Remediation in Moncks Corner,"Mold remediation in Moncks Corner, SC. Insurance billing accepted. Call.",mold remediation moncks corner,mold removal|black mold remediation|mold abatement|mold containment|mold cleanup,local_health,,,900,hero|og|inline-1|inline-2,service|local-business|faq|breadcrumb-list,/services/mold-remediation/|/service-areas/moncks-corner-sc/|/service-areas/moncks-corner-sc/fire-damage-restoration/|/service-areas/moncks-corner-sc/water-damage-restoration/|/service-areas/awendaw-sc/mold-remediation/|/service-areas/bonneau-sc/mold-remediation/|/contact/,7.00,planned
/service-areas/moncks-corner-sc/water-damage-restoration/,service-area-service,"Water Damage Restoration in Moncks Corner, SC | Paul Davis Restoration of Charleston",Water Damage Restoration in Moncks Corner,"Water damage restoration in Moncks Corner, SC. Insurance billing accepted. Call.",water damage restoration moncks corner,water removal|water extraction|water cleanup|structural drying|water mitigation,local_emergency,,,900,hero|og|inline-1|inline-2,service|local-business|faq|breadcrumb-list,/services/water-damage-restoration/|/service-areas/moncks-corner-sc/|/service-areas/moncks-corner-sc/fire-damage-restoration/|/service-areas/moncks-corner-sc/mold-remediation/|/service-areas/awendaw-sc/water-damage-restoration/|/service-areas/bonneau-sc/water-damage-restoration/|/contact/,7.00,planned
/service-areas/mount-pleasant-sc/fire-damage-restoration/,service-area-service,"Fire Damage Restoration in Mount Pleasant, SC | Paul Davis Restoration of Charleston",Fire Damage Restoration in Mount Pleasant,"Fire damage restoration in Mount Pleasant, SC. Insurance billing accepted. Call.",fire damage restoration mount pleasant,fire cleanup|fire and smoke restoration|structural fire damage|post-fire restoration|fire damage repair,local_emergency,,,900,hero|og|inline-1|inline-2,service|local-business|faq|breadcrumb-list,/services/fire-damage-restoration/|/service-areas/mount-pleasant-sc/|/service-areas/mount-pleasant-sc/mold-remediation/|/service-areas/mount-pleasant-sc/water-damage-restoration/|/service-areas/awendaw-sc/fire-damage-restoration/|/service-areas/bonneau-sc/fire-damage-restoration/|/contact/,7.00,planned
/service-areas/mount-pleasant-sc/mold-remediation/,service-area-service,"Mold Remediation in Mount Pleasant, SC | Paul Davis Restoration of Charleston",Mold Remediation in Mount Pleasant,"Mold remediation in Mount Pleasant, SC. Insurance billing accepted. Call.",mold remediation mount pleasant,mold removal|black mold remediation|mold abatement|mold containment|mold cleanup,local_health,,,900,hero|og|inline-1|inline-2,service|local-business|faq|breadcrumb-list,/services/mold-remediation/|/service-areas/mount-pleasant-sc/|/service-areas/mount-pleasant-sc/fire-damage-restoration/|/service-areas/mount-pleasant-sc/water-damage-restoration/|/service-areas/awendaw-sc/mold-remediation/|/service-areas/bonneau-sc/mold-remediation/|/contact/,7.00,planned
/service-areas/mount-pleasant-sc/water-damage-restoration/,service-area-service,"Water Damage Restoration in Mount Pleasant, SC | Paul Davis Restoration of Charleston",Water Damage Restoration in Mount Pleasant,"Water damage restoration in Mount Pleasant, SC. Insurance billing accepted. Call.",water damage restoration mount pleasant,water removal|water extraction|water cleanup|structural drying|water mitigation,local_emergency,,,900,hero|og|inline-1|inline-2,service|local-business|faq|breadcrumb-list,/services/water-damage-restoration/|/service-areas/mount-pleasant-sc/|/service-areas/mount-pleasant-sc/fire-damage-restoration/|/service-areas/mount-pleasant-sc/mold-remediation/|/service-areas/awendaw-sc/water-damage-restoration/|/service-areas/bonneau-sc/water-damage-restoration/|/contact/,7.00,planned
/service-areas/north-charleston-sc/fire-damage-restoration/,service-area-service,"Fire Damage Restoration in North Charleston, SC | Paul Davis Restoration of Charleston",Fire Damage Restoration in North Charleston,"Fire damage restoration in North Charleston, SC. Insurance billing accepted. Call.",fire damage restoration north charleston,fire cleanup|fire and smoke restoration|structural fire damage|post-fire restoration|fire damage repair,local_emergency,,,900,hero|og|inline-1|inline-2,service|local-business|faq|breadcrumb-list,/services/fire-damage-restoration/|/service-areas/north-charleston-sc/|/service-areas/north-charleston-sc/mold-remediation/|/service-areas/north-charleston-sc/water-damage-restoration/|/service-areas/awendaw-sc/fire-damage-restoration/|/service-areas/bonneau-sc/fire-damage-restoration/|/contact/,7.00,planned
/service-areas/north-charleston-sc/mold-remediation/,service-area-service,"Mold Remediation in North Charleston, SC | Paul Davis Restoration of Charleston",Mold Remediation in North Charleston,"Mold remediation in North Charleston, SC. Insurance billing accepted. Call.",mold remediation north charleston,mold removal|black mold remediation|mold abatement|mold containment|mold cleanup,local_health,,,900,hero|og|inline-1|inline-2,service|local-business|faq|breadcrumb-list,/services/mold-remediation/|/service-areas/north-charleston-sc/|/service-areas/north-charleston-sc/fire-damage-restoration/|/service-areas/north-charleston-sc/water-damage-restoration/|/service-areas/awendaw-sc/mold-remediation/|/service-areas/bonneau-sc/mold-remediation/|/contact/,7.00,planned
/service-areas/north-charleston-sc/water-damage-restoration/,service-area-service,"Water Damage Restoration in North Charleston, SC | Paul Davis Restoration of Charleston",Water Damage Restoration in North Charleston,"Water damage restoration in North Charleston, SC. Insurance billing accepted. Call.",water damage restoration north charleston,water removal|water extraction|water cleanup|structural drying|water mitigation,local_emergency,,,900,hero|og|inline-1|inline-2,service|local-business|faq|breadcrumb-list,/services/water-damage-restoration/|/service-areas/north-charleston-sc/|/service-areas/north-charleston-sc/fire-damage-restoration/|/service-areas/north-charleston-sc/mold-remediation/|/service-areas/awendaw-sc/water-damage-restoration/|/service-areas/bonneau-sc/water-damage-restoration/|/contact/,7.00,planned
/service-areas/ravenel-sc/fire-damage-restoration/,service-area-service,"Fire Damage Restoration in Ravenel, SC | Paul Davis Restoration of Charleston",Fire Damage Restoration in Ravenel,"Fire damage restoration in Ravenel, SC. Insurance billing accepted. Call.",fire damage restoration ravenel,fire cleanup|fire and smoke restoration|structural fire damage|post-fire restoration|fire damage repair,local_emergency,,,900,hero|og|inline-1|inline-2,service|local-business|faq|breadcrumb-list,/services/fire-damage-restoration/|/service-areas/ravenel-sc/|/service-areas/ravenel-sc/mold-remediation/|/service-areas/ravenel-sc/water-damage-restoration/|/service-areas/awendaw-sc/fire-damage-restoration/|/service-areas/bonneau-sc/fire-damage-restoration/|/contact/,7.00,planned
/service-areas/ravenel-sc/mold-remediation/,service-area-service,"Mold Remediation in Ravenel, SC | Paul Davis Restoration of Charleston",Mold Remediation in Ravenel,"Mold remediation in Ravenel, SC. Insurance billing accepted. Call.",mold remediation ravenel,mold removal|black mold remediation|mold abatement|mold containment|mold cleanup,local_health,,,900,hero|og|inline-1|inline-2,service|local-business|faq|breadcrumb-list,/services/mold-remediation/|/service-areas/ravenel-sc/|/service-areas/ravenel-sc/fire-damage-restoration/|/service-areas/ravenel-sc/water-damage-restoration/|/service-areas/awendaw-sc/mold-remediation/|/service-areas/bonneau-sc/mold-remediation/|/contact/,7.00,planned
/service-areas/ravenel-sc/water-damage-restoration/,service-area-service,"Water Damage Restoration in Ravenel, SC | Paul Davis Restoration of Charleston",Water Damage Restoration in Ravenel,"Water damage restoration in Ravenel, SC. Insurance billing accepted. Call.",water damage restoration ravenel,water removal|water extraction|water cleanup|structural drying|water mitigation,local_emergency,,,900,hero|og|inline-1|inline-2,service|local-business|faq|breadcrumb-list,/services/water-damage-restoration/|/service-areas/ravenel-sc/|/service-areas/ravenel-sc/fire-damage-restoration/|/service-areas/ravenel-sc/mold-remediation/|/service-areas/awendaw-sc/water-damage-restoration/|/service-areas/bonneau-sc/water-damage-restoration/|/contact/,7.00,planned
/service-areas/ridgeville-sc/fire-damage-restoration/,service-area-service,"Fire Damage Restoration in Ridgeville, SC | Paul Davis Restoration of Charleston",Fire Damage Restoration in Ridgeville,"Fire damage restoration in Ridgeville, SC. Insurance billing accepted. Call.",fire damage restoration ridgeville,fire cleanup|fire and smoke restoration|structural fire damage|post-fire restoration|fire damage repair,local_emergency,,,900,hero|og|inline-1|inline-2,service|local-business|faq|breadcrumb-list,/services/fire-damage-restoration/|/service-areas/ridgeville-sc/|/service-areas/ridgeville-sc/mold-remediation/|/service-areas/ridgeville-sc/water-damage-restoration/|/service-areas/awendaw-sc/fire-damage-restoration/|/service-areas/bonneau-sc/fire-damage-restoration/|/contact/,7.00,planned
/service-areas/ridgeville-sc/mold-remediation/,service-area-service,"Mold Remediation in Ridgeville, SC | Paul Davis Restoration of Charleston",Mold Remediation in Ridgeville,"Mold remediation in Ridgeville, SC. Insurance billing accepted. Call.",mold remediation ridgeville,mold removal|black mold remediation|mold abatement|mold containment|mold cleanup,local_health,,,900,hero|og|inline-1|inline-2,service|local-business|faq|breadcrumb-list,/services/mold-remediation/|/service-areas/ridgeville-sc/|/service-areas/ridgeville-sc/fire-damage-restoration/|/service-areas/ridgeville-sc/water-damage-restoration/|/service-areas/awendaw-sc/mold-remediation/|/service-areas/bonneau-sc/mold-remediation/|/contact/,7.00,planned
/service-areas/ridgeville-sc/water-damage-restoration/,service-area-service,"Water Damage Restoration in Ridgeville, SC | Paul Davis Restoration of Charleston",Water Damage Restoration in Ridgeville,"Water damage restoration in Ridgeville, SC. Insurance billing accepted. Call.",water damage restoration ridgeville,water removal|water extraction|water cleanup|structural drying|water mitigation,local_emergency,,,900,hero|og|inline-1|inline-2,service|local-business|faq|breadcrumb-list,/services/water-damage-restoration/|/service-areas/ridgeville-sc/|/service-areas/ridgeville-sc/fire-damage-restoration/|/service-areas/ridgeville-sc/mold-remediation/|/service-areas/awendaw-sc/water-damage-restoration/|/service-areas/bonneau-sc/water-damage-restoration/|/contact/,7.00,planned
/service-areas/seabrook-island-sc/fire-damage-restoration/,service-area-service,"Fire Damage Restoration in Seabrook Island, SC | Paul Davis Restoration of Charleston",Fire Damage Restoration in Seabrook Island,"Fire damage restoration in Seabrook Island, SC. Insurance billing accepted. Call.",fire damage restoration seabrook island,fire cleanup|fire and smoke restoration|structural fire damage|post-fire restoration|fire damage repair,local_emergency,,,900,hero|og|inline-1|inline-2,service|local-business|faq|breadcrumb-list,/services/fire-damage-restoration/|/service-areas/seabrook-island-sc/|/service-areas/seabrook-island-sc/mold-remediation/|/service-areas/seabrook-island-sc/water-damage-restoration/|/service-areas/awendaw-sc/fire-damage-restoration/|/service-areas/bonneau-sc/fire-damage-restoration/|/contact/,7.00,planned
/service-areas/seabrook-island-sc/mold-remediation/,service-area-service,"Mold Remediation in Seabrook Island, SC | Paul Davis Restoration of Charleston",Mold Remediation in Seabrook Island,"Mold remediation in Seabrook Island, SC. Insurance billing accepted. Call.",mold remediation seabrook island,mold removal|black mold remediation|mold abatement|mold containment|mold cleanup,local_health,,,900,hero|og|inline-1|inline-2,service|local-business|faq|breadcrumb-list,/services/mold-remediation/|/service-areas/seabrook-island-sc/|/service-areas/seabrook-island-sc/fire-damage-restoration/|/service-areas/seabrook-island-sc/water-damage-restoration/|/service-areas/awendaw-sc/mold-remediation/|/service-areas/bonneau-sc/mold-remediation/|/contact/,7.00,planned
/service-areas/seabrook-island-sc/water-damage-restoration/,service-area-service,"Water Damage Restoration in Seabrook Island, SC | Paul Davis Restoration of Charleston",Water Damage Restoration in Seabrook Island,"Water damage restoration in Seabrook Island, SC. Insurance billing accepted. Call.",water damage restoration seabrook island,water removal|water extraction|water cleanup|structural drying|water mitigation,local_emergency,,,900,hero|og|inline-1|inline-2,service|local-business|faq|breadcrumb-list,/services/water-damage-restoration/|/service-areas/seabrook-island-sc/|/service-areas/seabrook-island-sc/fire-damage-restoration/|/service-areas/seabrook-island-sc/mold-remediation/|/service-areas/awendaw-sc/water-damage-restoration/|/service-areas/bonneau-sc/water-damage-restoration/|/contact/,7.00,planned
/service-areas/sullivan-s-island-sc/fire-damage-restoration/,service-area-service,"Fire Damage Restoration in Sullivan's Island, SC | Paul Davis Restoration of Charleston",Fire Damage Restoration in Sullivan's Island,"Fire damage restoration in Sullivan's Island, SC. Insurance billing accepted. Call.",fire damage restoration sullivan's island,fire cleanup|fire and smoke restoration|structural fire damage|post-fire restoration|fire damage repair,local_emergency,,,900,hero|og|inline-1|inline-2,service|local-business|faq|breadcrumb-list,/services/fire-damage-restoration/|/service-areas/sullivan-s-island-sc/|/service-areas/sullivan-s-island-sc/mold-remediation/|/service-areas/sullivan-s-island-sc/water-damage-restoration/|/service-areas/awendaw-sc/fire-damage-restoration/|/service-areas/bonneau-sc/fire-damage-restoration/|/contact/,7.00,planned
/service-areas/sullivan-s-island-sc/mold-remediation/,service-area-service,"Mold Remediation in Sullivan's Island, SC | Paul Davis Restoration of Charleston",Mold Remediation in Sullivan's Island,"Mold remediation in Sullivan's Island, SC. Insurance billing accepted. Call.",mold remediation sullivan's island,mold removal|black mold remediation|mold abatement|mold containment|mold cleanup,local_health,,,900,hero|og|inline-1|inline-2,service|local-business|faq|breadcrumb-list,/services/mold-remediation/|/service-areas/sullivan-s-island-sc/|/service-areas/sullivan-s-island-sc/fire-damage-restoration/|/service-areas/sullivan-s-island-sc/water-damage-restoration/|/service-areas/awendaw-sc/mold-remediation/|/service-areas/bonneau-sc/mold-remediation/|/contact/,7.00,planned
/service-areas/sullivan-s-island-sc/water-damage-restoration/,service-area-service,"Water Damage Restoration in Sullivan's Island, SC | Paul Davis Restoration of Charleston",Water Damage Restoration in Sullivan's Island,"Water damage restoration in Sullivan's Island, SC. Insurance billing accepted. Call.",water damage restoration sullivan's island,water removal|water extraction|water cleanup|structural drying|water mitigation,local_emergency,,,900,hero|og|inline-1|inline-2,service|local-business|faq|breadcrumb-list,/services/water-damage-restoration/|/service-areas/sullivan-s-island-sc/|/service-areas/sullivan-s-island-sc/fire-damage-restoration/|/service-areas/sullivan-s-island-sc/mold-remediation/|/service-areas/awendaw-sc/water-damage-restoration/|/service-areas/bonneau-sc/water-damage-restoration/|/contact/,7.00,planned
/service-areas/summerville-sc/fire-damage-restoration/,service-area-service,"Fire Damage Restoration in Summerville, SC | Paul Davis Restoration of Charleston",Fire Damage Restoration in Summerville,"Fire damage restoration in Summerville, SC. Insurance billing accepted. Call.",fire damage restoration summerville,fire cleanup|fire and smoke restoration|structural fire damage|post-fire restoration|fire damage repair,local_emergency,,,900,hero|og|inline-1|inline-2,service|local-business|faq|breadcrumb-list,/services/fire-damage-restoration/|/service-areas/summerville-sc/|/service-areas/summerville-sc/mold-remediation/|/service-areas/summerville-sc/water-damage-restoration/|/service-areas/awendaw-sc/fire-damage-restoration/|/service-areas/bonneau-sc/fire-damage-restoration/|/contact/,7.00,planned
/service-areas/summerville-sc/mold-remediation/,service-area-service,"Mold Remediation in Summerville, SC | Paul Davis Restoration of Charleston",Mold Remediation in Summerville,"Mold remediation in Summerville, SC. Insurance billing accepted. Call.",mold remediation summerville,mold removal|black mold remediation|mold abatement|mold containment|mold cleanup,local_health,,,900,hero|og|inline-1|inline-2,service|local-business|faq|breadcrumb-list,/services/mold-remediation/|/service-areas/summerville-sc/|/service-areas/summerville-sc/fire-damage-restoration/|/service-areas/summerville-sc/water-damage-restoration/|/service-areas/awendaw-sc/mold-remediation/|/service-areas/bonneau-sc/mold-remediation/|/contact/,7.00,planned
/service-areas/summerville-sc/water-damage-restoration/,service-area-service,"Water Damage Restoration in Summerville, SC | Paul Davis Restoration of Charleston",Water Damage Restoration in Summerville,"Water damage restoration in Summerville, SC. Insurance billing accepted. Call.",water damage restoration summerville,water removal|water extraction|water cleanup|structural drying|water mitigation,local_emergency,,,900,hero|og|inline-1|inline-2,service|local-business|faq|breadcrumb-list,/services/water-damage-restoration/|/service-areas/summerville-sc/|/service-areas/summerville-sc/fire-damage-restoration/|/service-areas/summerville-sc/mold-remediation/|/service-areas/awendaw-sc/water-damage-restoration/|/service-areas/bonneau-sc/water-damage-restoration/|/contact/,7.00,planned
/blog/burst-pipe-emergency-checklist/,blog-post,Burst Pipe Checklist: Step-by-Step Response,Burst Pipe Checklist: Step-by-Step Response,,burst pipe checklist stepbystep response,water damage restoration|appliance leak cleanup,informational_emergency,,,1400,hero|og|inline-1|inline-2,blog-posting|faq|breadcrumb-list,/blog/|/services/water-damage-restoration/|/blog/what-to-do-first-24-hours-water-damage/|/blog/choosing-a-restoration-company/|/blog/does-homeowners-insurance-cover-water-damage/,6.00,planned
/blog/what-to-do-first-24-hours-water-damage/,blog-post,What To Do in the First 24 Hours After Water Damage,What To Do in the First 24 Hours After Water Damage,,what to do in the first 24 hours after water damage,water damage restoration,informational_emergency,,,1400,hero|og|inline-1|inline-2,blog-posting|faq|breadcrumb-list,/blog/|/services/water-damage-restoration/|/blog/burst-pipe-emergency-checklist/|/blog/choosing-a-restoration-company/|/blog/does-homeowners-insurance-cover-water-damage/,6.00,planned
/blog/choosing-a-restoration-company/,blog-post,How To Choose a Restoration Company in  (Without Getting Burned),How To Choose a Restoration Company in  (Without Getting Burned),,how to choose a restoration company in  without getting burned,water damage restoration|fire damage restoration|mold remediation,commercial_decision,,,1400,hero|og|inline-1|inline-2,blog-posting|faq|breadcrumb-list,/blog/|/services/fire-damage-restoration/|/services/mold-remediation/|/services/water-damage-restoration/|/blog/burst-pipe-emergency-checklist/|/blog/what-to-do-first-24-hours-water-damage/|/blog/does-homeowners-insurance-cover-water-damage/,5.40,planned
/blog/does-homeowners-insurance-cover-water-damage/,blog-post,Does Homeowners Insurance Cover Water Damage? A Plain-English Guide,Does Homeowners Insurance Cover Water Damage? A Plain-English Guide,,does homeowners insurance cover water damage a plainenglish guide,water damage restoration,informational_insurance,,,1400,hero|og|inline-1|inline-2,blog-posting|faq|breadcrumb-list,/blog/|/services/water-damage-restoration/|/blog/burst-pipe-emergency-checklist/|/blog/what-to-do-first-24-hours-water-damage/|/blog/choosing-a-restoration-company/,5.40,planned
/blog/fire-damage-restoration-process/,blog-post,"The Fire Damage Restoration Process, Explained","The Fire Damage Restoration Process, Explained",,the fire damage restoration process explained,fire damage restoration|smoke damage restoration,informational_emergency,,,1400,hero|og|inline-1|inline-2,blog-posting|faq|breadcrumb-list,/blog/|/services/fire-damage-restoration/|/blog/choosing-a-restoration-company/|/blog/smoke-odor-removal-techniques/,5.40,planned
/blog/how-to-test-for-mold/,blog-post,How To Test for Mold in Your Home (DIY Kits vs a Pro Inspection),How To Test for Mold in Your Home (DIY Kits vs a Pro Inspection),,how to test for mold in your home diy kits vs a pro inspection,mold remediation|mold inspection and testing,informational_health,,,1400,hero|og|inline-1|inline-2,blog-posting|faq|breadcrumb-list,/blog/|/services/mold-remediation/|/blog/choosing-a-restoration-company/|/blog/signs-of-hidden-mold/|/blog/black-mold-vs-regular-mold/,5.40,planned
/blog/signs-of-hidden-mold/,blog-post,7 Signs You Have Hidden Mold (and What To Do Next),7 Signs You Have Hidden Mold (and What To Do Next),,7 signs you have hidden mold and what to do next,mold remediation,informational_health,,,1400,hero|og|inline-1|inline-2,blog-posting|faq|breadcrumb-list,/blog/|/services/mold-remediation/|/blog/choosing-a-restoration-company/|/blog/how-to-test-for-mold/|/blog/black-mold-vs-regular-mold/,5.40,planned
/blog/black-mold-vs-regular-mold/,blog-post,Black Mold vs Regular Mold: How To Tell the Difference,Black Mold vs Regular Mold: How To Tell the Difference,,black mold vs regular mold how to tell the difference,mold remediation,informational_health,,,1400,hero|og|inline-1|inline-2,blog-posting|faq|breadcrumb-list,/blog/|/services/mold-remediation/|/blog/choosing-a-restoration-company/|/blog/how-to-test-for-mold/|/blog/signs-of-hidden-mold/,4.80,planned
/blog/how-long-does-water-damage-restoration-take/,blog-post,How Long Does Water Damage Restoration Actually Take?,How Long Does Water Damage Restoration Actually Take?,,how long does water damage restoration actually take,water damage restoration,informational_process,,,1400,hero|og|inline-1|inline-2,blog-posting|faq|breadcrumb-list,/blog/|/services/water-damage-restoration/|/blog/burst-pipe-emergency-checklist/|/blog/what-to-do-first-24-hours-water-damage/|/blog/choosing-a-restoration-company/,4.80,planned
/blog/mold-after-water-damage/,blog-post,How Quickly Does Mold Grow After Water Damage?,How Quickly Does Mold Grow After Water Damage?,,how quickly does mold grow after water damage,mold remediation|water damage restoration,informational_emergency,,,1400,hero|og|inline-1|inline-2,blog-posting|faq|breadcrumb-list,/blog/|/services/mold-remediation/|/services/water-damage-restoration/|/blog/burst-pipe-emergency-checklist/|/blog/what-to-do-first-24-hours-water-damage/|/blog/choosing-a-restoration-company/,4.80,planned
/blog/basement-flooding-prevention/,blog-post,8 Ways To Prevent Basement Flooding This Season,8 Ways To Prevent Basement Flooding This Season,,8 ways to prevent basement flooding this season,water damage restoration,informational_prevention,,,1400,hero|og|inline-1|inline-2,blog-posting|faq|breadcrumb-list,/blog/|/services/water-damage-restoration/|/blog/burst-pipe-emergency-checklist/|/blog/what-to-do-first-24-hours-water-damage/|/blog/choosing-a-restoration-company/,4.20,planned
/blog/smoke-odor-removal-techniques/,blog-post,How Professionals Remove Smoke Odor (and Why DIY Usually Fails),How Professionals Remove Smoke Odor (and Why DIY Usually Fails),,how professionals remove smoke odor and why diy usually fails,smoke damage restoration|fire damage restoration,informational_specialty,,,1400,hero|og|inline-1|inline-2,blog-posting|faq|breadcrumb-list,/blog/|/services/fire-damage-restoration/|/blog/choosing-a-restoration-company/|/blog/fire-damage-restoration-process/,4.20,planned
/service-areas/,service-areas-hub,Service Areas | Paul Davis Restoration of Charleston Restoration,Areas We Serve,Paul Davis Restoration of Charleston provides restoration services across Charleston and the surrounding region. Find your city.,paul davis restoration of charleston service areas,restoration service area|cities we serve|local restoration coverage,navigational_local,,,500,hero|og,organization|website|local-business|breadcrumb-list,/|/service-areas/awendaw-sc/|/service-areas/bonneau-sc/|/service-areas/folly-beach-sc/|/service-areas/goose-creek-sc/|/service-areas/hanahan-sc/|/service-areas/hollywood-sc/|/service-areas/isle-of-palms-sc/|/service-areas/james-island-sc/|/service-areas/kiawah-island-sc/|/service-areas/ladson-sc/|/service-areas/meggett-sc/|/service-areas/moncks-corner-sc/|/service-areas/mount-pleasant-sc/|/service-areas/north-charleston-sc/|/service-areas/ravenel-sc/|/service-areas/ridgeville-sc/|/service-areas/seabrook-island-sc/|/service-areas/sullivan-s-island-sc/|/service-areas/summerville-sc/,3.50,planned
/blog/,blog-index,Restoration Blog | Paul Davis Restoration of Charleston,Restoration Resources and Insights,"Guides, checklists, and explainers from Paul Davis Restoration of Charleston on water, fire, mold, and storm damage restoration.",restoration blog charleston,restoration guides|damage restoration tips|restoration insights,informational_browse,,,300,hero|og,website|breadcrumb-list,/|/blog/burst-pipe-emergency-checklist/|/blog/what-to-do-first-24-hours-water-damage/|/blog/choosing-a-restoration-company/|/blog/does-homeowners-insurance-cover-water-damage/|/blog/fire-damage-restoration-process/|/blog/how-to-test-for-mold/|/blog/signs-of-hidden-mold/|/blog/black-mold-vs-regular-mold/|/blog/how-long-does-water-damage-restoration-take/|/blog/mold-after-water-damage/|/blog/basement-flooding-prevention/|/blog/smoke-odor-removal-techniques/,3.00,planned
/about/,about,About Paul Davis Restoration of Charleston | Charleston Restoration Company,About Paul Davis Restoration of Charleston,Paul Davis Restoration of Charleston has served Charleston since. Meet our restoration team. Locally owned.,paul davis restoration of charleston charleston,local restoration company|iicrc certified restoration|licensed restoration contractor,navigational_trust,,,700,hero|og|inline-1,organization|website|local-business|aggregate-rating|breadcrumb-list,/|/services/|/contact/,2.50,planned
/contact/,contact,Contact Paul Davis Restoration of Charleston | Restoration in Charleston,Contact Paul Davis Restoration of Charleston,Call for restoration services in Charleston and surrounding areas. Free estimates. Direct insurance billing.,paul davis restoration of charleston contact,restoration company contact,navigational_action,,,400,hero|og,organization|website|local-business|breadcrumb-list,/|/services/|/service-areas/,2.50,planned
/accessibility/,legal,Accessibility Statement | Paul Davis Restoration of Charleston,Accessibility Statement,Accessibility Statement | {brand.display_name}.,paul davis restoration of charleston accessibility,,navigational_legal,,,400,og,,,1.00,planned
/privacy/,legal,Privacy Policy | Paul Davis Restoration of Charleston,Privacy Policy,Privacy Policy | {brand.display_name}.,paul davis restoration of charleston privacy,,navigational_legal,,,600,og,,,1.00,planned
/terms/,legal,Terms of Service | Paul Davis Restoration of Charleston,Terms of Service,Terms of Service | {brand.display_name}.,paul davis restoration of charleston terms,,navigational_legal,,,600,og,,,1.00,planned
