url_path,archetype,title,h1,meta_description,primary_keyword,secondary_keywords,search_intent,search_volume,difficulty,target_word_count,image_roles,schema_stubs,internal_links_out,priority,status
/services/fire-damage-restoration/,service-landing,Emergency Fire Damage Restoration in Richardson | Touch of Class Cleaning and Restoration ,Emergency Fire Damage Restoration in Richardson,Emergency fire damage restoration in Richardson and surrounding areas. Insurance billing accepted. Call (979) 418-6099.,fire damage restoration richardson,fire cleanup|fire and smoke restoration|structural fire damage|post-fire restoration|fire damage repair,local_emergency,,,1100,hero|og|inline-1|inline-2,service|local-business|faq|breadcrumb-list,/services/|/contact/|/blog/choosing-a-restoration-company/|/blog/fire-damage-restoration-process/,9.00,planned
/services/mold-remediation/,service-landing,Mold Remediation in Richardson | Touch of Class Cleaning and Restoration ,Mold Remediation in Richardson,Mold remediation in Richardson and surrounding areas. Insurance billing accepted. Call (979) 418-6099.,mold remediation richardson,mold removal|black mold remediation|mold abatement|mold containment|mold cleanup,local_health,,,1100,hero|og|inline-1|inline-2,service|local-business|faq|breadcrumb-list,/services/|/contact/|/blog/choosing-a-restoration-company/|/blog/how-to-test-for-mold/|/blog/signs-of-hidden-mold/,9.00,planned
/services/water-damage-restoration/,service-landing,Emergency Water Damage Restoration in Richardson | Touch of Class Cleaning and Restoration ,Emergency Water Damage Restoration in Richardson,Emergency water damage restoration in Richardson and surrounding areas. Insurance billing accepted. Call (979) 418-6099.,water damage restoration richardson,water removal|water extraction|water cleanup|structural drying|water mitigation,local_emergency,,,1100,hero|og|inline-1|inline-2,service|local-business|faq|breadcrumb-list,/services/|/contact/|/service-areas/allen-tx/water-damage-restoration/|/service-areas/carrollton-tx/water-damage-restoration/|/service-areas/dallas-tx/water-damage-restoration/|/service-areas/garland-tx/water-damage-restoration/|/service-areas/mckinney-tx/water-damage-restoration/|/service-areas/plano-tx/water-damage-restoration/|/service-areas/rowlett-tx/water-damage-restoration/|/service-areas/wylie-tx/water-damage-restoration/|/services/emergency-water-removal/|/blog/burst-pipe-emergency-checklist/|/blog/what-to-do-first-24-hours-water-damage/|/blog/choosing-a-restoration-company/,9.00,planned
/services/commercial-restoration/,service-landing,Commercial Restoration in Richardson | Touch of Class Cleaning and Restoration ,Commercial Restoration in Richardson,Commercial restoration in Richardson and surrounding areas. Insurance billing accepted. Call (979) 418-6099.,commercial restoration richardson,commercial water damage|commercial fire damage|business restoration|office restoration|retail restoration,local_b2b,,,1100,hero|og|inline-1|inline-2,service|local-business|faq|breadcrumb-list,/services/|/contact/,8.10,planned
/services/emergency-water-removal/,service-landing,Emergency Water Removal & Cleanup in Richardson | Touch of Class Cleaning and Restoration,Emergency Water Removal & Cleanup in Richardson,Emergency water removal & cleanup in Richardson and surrounding areas. Insurance billing accepted. Call (979) 418-6099.,emergency water removal & cleanup richardson,water extraction|water removal|water cleanup|standing water removal,local_emergency,,,1100,hero|og|inline-1|inline-2,service|local-business|faq|breadcrumb-list,/services/|/contact/|/services/water-damage-restoration/,8.10,planned
/services/flood-damage-restoration/,service-landing,Emergency Flood Damage Restoration in Richardson | Touch of Class Cleaning and Restoration ,Emergency Flood Damage Restoration in Richardson,Emergency flood damage restoration in Richardson and surrounding areas. Insurance billing accepted. Call (979) 418-6099.,flood damage restoration richardson,flood cleanup|flood restoration|post-flood restoration|residential flood damage|flood damage repair,local_emergency,,,1100,hero|og|inline-1|inline-2,service|local-business|faq|breadcrumb-list,/services/|/contact/,8.10,planned
/services/reconstruction/,service-landing,Reconstruction Services in Richardson | Touch of Class Cleaning and Restoration ,Reconstruction Services in Richardson,Reconstruction services in Richardson and surrounding areas. Insurance billing accepted. Call (979) 418-6099.,reconstruction services richardson,post-damage reconstruction|rebuild services|structural reconstruction|post-disaster rebuilding|fire damage reconstruction,local_commercial,,,1100,hero|og|inline-1|inline-2,service|local-business|faq|breadcrumb-list,/services/|/contact/,8.10,planned
/services/sewage-cleanup/,service-landing,Emergency Sewage Cleanup and Sanitization in Richardson | Touch of Class Cleaning and Restoration ,Emergency Sewage Cleanup and Sanitization in Richardson,Emergency sewage cleanup and sanitization in Richardson and surrounding areas. Insurance billing accepted. Call (979) 418-6099.,sewage cleanup and sanitization richardson,sewage backup cleanup|raw sewage removal|septic overflow cleanup|sewer line backup|sanitization services,local_emergency,,,1100,hero|og|inline-1|inline-2,service|local-business|faq|breadcrumb-list,/services/|/contact/,8.10,planned
/services/smoke-damage-restoration/,service-landing,Emergency Smoke Damage Restoration in Richardson | Touch of Class Cleaning and Restoration ,Emergency Smoke Damage Restoration in Richardson,Emergency smoke damage restoration in Richardson and surrounding areas. Insurance billing accepted. Call (979) 418-6099.,smoke damage restoration richardson,smoke residue cleanup|smoke damage repair|post-fire smoke cleanup|smoke damage restoration services|wildfire smoke cleanup,local_emergency,,,1100,hero|og|inline-1|inline-2,service|local-business|faq|breadcrumb-list,/services/|/contact/|/blog/fire-damage-restoration-process/,8.10,planned
/services/storm-damage-restoration/,service-landing,Emergency Storm Damage Restoration in Richardson | Touch of Class Cleaning and Restoration ,Emergency Storm Damage Restoration in Richardson,Emergency storm damage restoration in Richardson and surrounding areas. Insurance billing accepted. Call (979) 418-6099.,storm damage restoration richardson,hurricane damage cleanup|tornado damage cleanup|tree damage cleanup|storm cleanup services|severe weather damage repair,local_emergency,,,1100,hero|og|inline-1|inline-2,service|local-business|faq|breadcrumb-list,/services/|/contact/,8.10,planned
/services/basement-flooding-cleanup/,service-landing,Emergency Basement Flooding Cleanup in Richardson | Touch of Class Cleaning and Restoration ,Emergency Basement Flooding Cleanup in Richardson,Emergency basement flooding cleanup in Richardson and surrounding areas. Insurance billing accepted. Call (979) 418-6099.,basement flooding cleanup richardson,flooded basement cleanup|basement water removal|wet basement restoration|basement water damage|basement drying,local_emergency,,,1100,hero|og|inline-1|inline-2,service|local-business|faq|breadcrumb-list,/services/|/contact/,7.20,planned
/services/burst-pipe-repair/,service-landing,Emergency Burst Pipe Cleanup and Repair in Richardson | Touch of Class Cleaning and Restoration ,Emergency Burst Pipe Cleanup and Repair in Richardson,Emergency burst pipe cleanup and repair in Richardson and surrounding areas. Insurance billing accepted. Call (979) 418-6099.,burst pipe cleanup and repair richardson,burst pipe cleanup|pipe break water damage|water line break,local_emergency,,,1100,hero|og|inline-1|inline-2,service|local-business|faq|breadcrumb-list,/services/|/contact/,7.20,planned
/services/ceiling-water-damage-repair/,service-landing,Emergency Ceiling Water Damage Repair in Richardson | Touch of Class Cleaning and Restoration ,Emergency Ceiling Water Damage Repair in Richardson,Emergency ceiling water damage repair in Richardson and surrounding areas. Insurance billing accepted. Call (979) 418-6099.,ceiling water damage repair richardson,ceiling leaking|water coming through ceiling|ceiling leak repair|sagging ceiling water damage|water stain ceiling,local_emergency,,,1100,hero|og|inline-1|inline-2,service|local-business|faq|breadcrumb-list,/services/|/contact/,7.20,planned
/services/general-contracting/,service-landing,"Renovations, Remodels and General Contracting in Richardson | Touch of Class Cleaning and Restoration ","Renovations, Remodels and General Contracting in Richardson","Renovations, remodels and general contracting in Richardson and surrounding areas. Insurance billing accepted. Call (979) 418-6099.","renovations, remodels and general contracting richardson",general contractor|home renovation services|home remodeling|kitchen remodel|bathroom remodel|post-damage rebuild,local_commercial,,,1100,hero|og|inline-1|inline-2,service|local-business|faq|breadcrumb-list,/services/|/contact/,7.20,planned
/services/large-loss-response/,service-landing,Large Loss and Catastrophic Response in Richardson | Touch of Class Cleaning and Restoration ,Large Loss and Catastrophic Response in Richardson,Large loss and catastrophic response in Richardson and surrounding areas. Insurance billing accepted. Call (979) 418-6099.,large loss and catastrophic response richardson,large loss restoration|catastrophic loss response|commercial catastrophic restoration|multi-million dollar restoration|large loss adjusters,local_b2b,,,1100,hero|og|inline-1|inline-2,service|local-business|faq|breadcrumb-list,/services/|/contact/,7.20,planned
/services/mold-inspection-testing/,service-landing,Mold Inspection and Testing in Richardson | Touch of Class Cleaning and Restoration ,Mold Inspection and Testing in Richardson,Mold inspection and testing in Richardson and surrounding areas. Insurance billing accepted. Call (979) 418-6099.,mold inspection and testing richardson,mold inspection|mold testing|indoor air quality testing|mold spore testing|mold assessment,local_health,,,1100,hero|og|inline-1|inline-2,service|local-business|faq|breadcrumb-list,/services/|/contact/|/blog/how-to-test-for-mold/,7.20,planned
/service-areas/allen-tx/water-damage-restoration/,service-area-service,"Emergency Water Damage Restoration in Allen, TX | Touch of Class Cleaning and Restoration ",Emergency Water Damage Restoration in Allen,"Emergency water damage restoration in Allen, TX. Insurance billing accepted. Call (979) 418-6099.",water damage restoration allen,water removal|water extraction|water cleanup|structural drying|water mitigation,local_emergency,,,900,hero|og|inline-1|inline-2,service|local-business|faq|breadcrumb-list,/services/water-damage-restoration/|/service-areas/allen-tx/|/service-areas/carrollton-tx/water-damage-restoration/|/service-areas/dallas-tx/water-damage-restoration/|/contact/,7.00,planned
/service-areas/carrollton-tx/water-damage-restoration/,service-area-service,"Emergency Water Damage Restoration in Carrollton, TX | Touch of Class Cleaning and Restoration ",Emergency Water Damage Restoration in Carrollton,"Emergency water damage restoration in Carrollton, TX. Insurance billing accepted. Call (979) 418-6099.",water damage restoration carrollton,water removal|water extraction|water cleanup|structural drying|water mitigation,local_emergency,,,900,hero|og|inline-1|inline-2,service|local-business|faq|breadcrumb-list,/services/water-damage-restoration/|/service-areas/carrollton-tx/|/service-areas/allen-tx/water-damage-restoration/|/service-areas/dallas-tx/water-damage-restoration/|/contact/,7.00,planned
/service-areas/dallas-tx/water-damage-restoration/,service-area-service,"Emergency Water Damage Restoration in Dallas, TX | Touch of Class Cleaning and Restoration ",Emergency Water Damage Restoration in Dallas,"Emergency water damage restoration in Dallas, TX. Insurance billing accepted. Call (979) 418-6099.",water damage restoration dallas,water removal|water extraction|water cleanup|structural drying|water mitigation,local_emergency,,,900,hero|og|inline-1|inline-2,service|local-business|faq|breadcrumb-list,/services/water-damage-restoration/|/service-areas/dallas-tx/|/service-areas/allen-tx/water-damage-restoration/|/service-areas/carrollton-tx/water-damage-restoration/|/contact/,7.00,planned
/service-areas/garland-tx/water-damage-restoration/,service-area-service,"Emergency Water Damage Restoration in Garland, TX | Touch of Class Cleaning and Restoration ",Emergency Water Damage Restoration in Garland,"Emergency water damage restoration in Garland, TX. Insurance billing accepted. Call (979) 418-6099.",water damage restoration garland,water removal|water extraction|water cleanup|structural drying|water mitigation,local_emergency,,,900,hero|og|inline-1|inline-2,service|local-business|faq|breadcrumb-list,/services/water-damage-restoration/|/service-areas/garland-tx/|/service-areas/allen-tx/water-damage-restoration/|/service-areas/carrollton-tx/water-damage-restoration/|/contact/,7.00,planned
/service-areas/mckinney-tx/water-damage-restoration/,service-area-service,"Emergency Water Damage Restoration in McKinney, TX | Touch of Class Cleaning and Restoration ",Emergency Water Damage Restoration in McKinney,"Emergency water damage restoration in McKinney, TX. Insurance billing accepted. Call (979) 418-6099.",water damage restoration mckinney,water removal|water extraction|water cleanup|structural drying|water mitigation,local_emergency,,,900,hero|og|inline-1|inline-2,service|local-business|faq|breadcrumb-list,/services/water-damage-restoration/|/service-areas/mckinney-tx/|/service-areas/allen-tx/water-damage-restoration/|/service-areas/carrollton-tx/water-damage-restoration/|/contact/,7.00,planned
/service-areas/plano-tx/water-damage-restoration/,service-area-service,"Emergency Water Damage Restoration in Plano, TX | Touch of Class Cleaning and Restoration ",Emergency Water Damage Restoration in Plano,"Emergency water damage restoration in Plano, TX. Insurance billing accepted. Call (979) 418-6099.",water damage restoration plano,water removal|water extraction|water cleanup|structural drying|water mitigation,local_emergency,,,900,hero|og|inline-1|inline-2,service|local-business|faq|breadcrumb-list,/services/water-damage-restoration/|/service-areas/plano-tx/|/service-areas/allen-tx/water-damage-restoration/|/service-areas/carrollton-tx/water-damage-restoration/|/contact/,7.00,planned
/service-areas/rowlett-tx/water-damage-restoration/,service-area-service,"Emergency Water Damage Restoration in Rowlett, TX | Touch of Class Cleaning and Restoration ",Emergency Water Damage Restoration in Rowlett,"Emergency water damage restoration in Rowlett, TX. Insurance billing accepted. Call (979) 418-6099.",water damage restoration rowlett,water removal|water extraction|water cleanup|structural drying|water mitigation,local_emergency,,,900,hero|og|inline-1|inline-2,service|local-business|faq|breadcrumb-list,/services/water-damage-restoration/|/service-areas/rowlett-tx/|/service-areas/allen-tx/water-damage-restoration/|/service-areas/carrollton-tx/water-damage-restoration/|/contact/,7.00,planned
/service-areas/wylie-tx/water-damage-restoration/,service-area-service,"Emergency Water Damage Restoration in Wylie, TX | Touch of Class Cleaning and Restoration ",Emergency Water Damage Restoration in Wylie,"Emergency water damage restoration in Wylie, TX. Insurance billing accepted. Call (979) 418-6099.",water damage restoration wylie,water removal|water extraction|water cleanup|structural drying|water mitigation,local_emergency,,,900,hero|og|inline-1|inline-2,service|local-business|faq|breadcrumb-list,/services/water-damage-restoration/|/service-areas/wylie-tx/|/service-areas/allen-tx/water-damage-restoration/|/service-areas/carrollton-tx/water-damage-restoration/|/contact/,7.00,planned
/services/industrial-restoration/,service-landing,Industrial Restoration in Richardson | Touch of Class Cleaning and Restoration ,Industrial Restoration in Richardson,Industrial restoration in Richardson and surrounding areas. Insurance billing accepted. Call (979) 418-6099.,industrial restoration richardson,industrial water damage|warehouse restoration|manufacturing facility restoration|industrial fire damage|plant restoration services,local_b2b,,,1100,hero|og|inline-1|inline-2,service|local-business|faq|breadcrumb-list,/services/|/contact/,6.30,planned
/services/water-heater-flood-cleanup/,service-landing,Emergency Water Heater Flood Cleanup in Richardson | Touch of Class Cleaning and Restoration ,Emergency Water Heater Flood Cleanup in Richardson,Emergency water heater flood cleanup in Richardson and surrounding areas. Insurance billing accepted. Call (979) 418-6099.,water heater flood cleanup richardson,water heater leaking|water heater burst|flooded water heater|water heater leak damage,local_emergency,,,1100,hero|og|inline-1|inline-2,service|local-business|faq|breadcrumb-list,/services/|/contact/,6.30,planned
/services/water-leak-detection/,service-landing,Water Leak Detection in Richardson | Touch of Class Cleaning and Restoration ,Water Leak Detection in Richardson,Water leak detection in Richardson and surrounding areas. Insurance billing accepted. Call (979) 418-6099.,water leak detection richardson,leak detection|hidden water leak|slab leak detection|water leak in wall|leak detection service,local_emergency,,,1100,hero|og|inline-1|inline-2,service|local-business|faq|breadcrumb-list,/services/|/contact/,6.30,planned
/blog/burst-pipe-emergency-checklist/,blog-post,Burst Pipe Checklist: Step-by-Step Response,Burst Pipe Checklist: Step-by-Step Response,,burst pipe checklist stepbystep response,water damage restoration|appliance leak cleanup,informational_emergency,,,1400,hero|og|inline-1|inline-2,blog-posting|faq|breadcrumb-list,/blog/|/services/water-damage-restoration/|/blog/what-to-do-first-24-hours-water-damage/|/blog/choosing-a-restoration-company/|/blog/does-homeowners-insurance-cover-water-damage/,6.00,planned
/blog/what-to-do-first-24-hours-water-damage/,blog-post,What To Do in the First 24 Hours After Water Damage,What To Do in the First 24 Hours After Water Damage,,what to do in the first 24 hours after water damage,water damage restoration,informational_emergency,,,1400,hero|og|inline-1|inline-2,blog-posting|faq|breadcrumb-list,/blog/|/services/water-damage-restoration/|/blog/burst-pipe-emergency-checklist/|/blog/choosing-a-restoration-company/|/blog/does-homeowners-insurance-cover-water-damage/,6.00,planned
/blog/choosing-a-restoration-company/,blog-post,How To Choose a Restoration Company in  (Without Getting Burned),How To Choose a Restoration Company in  (Without Getting Burned),,how to choose a restoration company in  without getting burned,water damage restoration|fire damage restoration|mold remediation,commercial_decision,,,1400,hero|og|inline-1|inline-2,blog-posting|faq|breadcrumb-list,/blog/|/services/fire-damage-restoration/|/services/mold-remediation/|/services/water-damage-restoration/|/blog/burst-pipe-emergency-checklist/|/blog/what-to-do-first-24-hours-water-damage/|/blog/does-homeowners-insurance-cover-water-damage/,5.40,planned
/blog/does-homeowners-insurance-cover-water-damage/,blog-post,Does Homeowners Insurance Cover Water Damage? A Plain-English Guide,Does Homeowners Insurance Cover Water Damage? A Plain-English Guide,,does homeowners insurance cover water damage a plainenglish guide,water damage restoration,informational_insurance,,,1400,hero|og|inline-1|inline-2,blog-posting|faq|breadcrumb-list,/blog/|/services/water-damage-restoration/|/blog/burst-pipe-emergency-checklist/|/blog/what-to-do-first-24-hours-water-damage/|/blog/choosing-a-restoration-company/,5.40,planned
/blog/fire-damage-restoration-process/,blog-post,"The Fire Damage Restoration Process, Explained","The Fire Damage Restoration Process, Explained",,the fire damage restoration process explained,fire damage restoration|smoke damage restoration,informational_emergency,,,1400,hero|og|inline-1|inline-2,blog-posting|faq|breadcrumb-list,/blog/|/services/fire-damage-restoration/|/services/smoke-damage-restoration/|/blog/choosing-a-restoration-company/,5.40,planned
/blog/how-to-test-for-mold/,blog-post,How To Test for Mold in Your Home (DIY Kits vs a Pro Inspection),How To Test for Mold in Your Home (DIY Kits vs a Pro Inspection),,how to test for mold in your home diy kits vs a pro inspection,mold remediation|mold inspection and testing,informational_health,,,1400,hero|og|inline-1|inline-2,blog-posting|faq|breadcrumb-list,/blog/|/services/mold-remediation/|/services/mold-inspection-testing/|/blog/choosing-a-restoration-company/|/blog/signs-of-hidden-mold/|/blog/black-mold-vs-regular-mold/,5.40,planned
/blog/signs-of-hidden-mold/,blog-post,7 Signs You Have Hidden Mold (and What To Do Next),7 Signs You Have Hidden Mold (and What To Do Next),,7 signs you have hidden mold and what to do next,mold remediation,informational_health,,,1400,hero|og|inline-1|inline-2,blog-posting|faq|breadcrumb-list,/blog/|/services/mold-remediation/|/blog/choosing-a-restoration-company/|/blog/how-to-test-for-mold/|/blog/black-mold-vs-regular-mold/,5.40,planned
/,home,"Touch of Class Cleaning and Restoration  | Restoration Services in Richardson, TX",Restoration Services in Richardson,"Touch of Class Cleaning and Restoration provides water, fire, mold, and storm damage restoration across Richardson and surrounding areas. Licensed, insured. Call (979) 418-6099.",restoration services richardson,restoration company near me,local_commercial,,,1200,hero|og|inline-1|inline-2|inline-3,organization|website|local-business|aggregate-rating,/services/|/service-areas/|/contact/|/about/|/services/fire-damage-restoration/|/services/mold-remediation/|/services/water-damage-restoration/|/services/commercial-restoration/|/services/emergency-water-removal/|/services/flood-damage-restoration/|/services/reconstruction/|/services/sewage-cleanup/|/services/smoke-damage-restoration/|/services/storm-damage-restoration/|/services/basement-flooding-cleanup/|/services/burst-pipe-repair/|/services/ceiling-water-damage-repair/|/services/general-contracting/|/services/large-loss-response/|/services/mold-inspection-testing/|/services/industrial-restoration/|/services/water-heater-flood-cleanup/|/services/water-leak-detection/|/service-areas/allen-tx/|/service-areas/carrollton-tx/|/service-areas/dallas-tx/|/service-areas/garland-tx/|/service-areas/mckinney-tx/|/service-areas/plano-tx/|/service-areas/rowlett-tx/|/service-areas/wylie-tx/,5.00,planned
/blog/black-mold-vs-regular-mold/,blog-post,Black Mold vs Regular Mold: How To Tell the Difference,Black Mold vs Regular Mold: How To Tell the Difference,,black mold vs regular mold how to tell the difference,mold remediation,informational_health,,,1400,hero|og|inline-1|inline-2,blog-posting|faq|breadcrumb-list,/blog/|/services/mold-remediation/|/blog/choosing-a-restoration-company/|/blog/how-to-test-for-mold/|/blog/signs-of-hidden-mold/,4.80,planned
/service-areas/allen-tx/,service-area,"Restoration Services in Allen, TX | Touch of Class Cleaning and Restoration ",Restoration Services in Allen,"Serving Allen, TX with water, fire, mold, and storm damage restoration. Experienced team. Call (979) 418-6099.",restoration services allen,allen restoration company|damage restoration allen|allen disaster restoration,local_commercial,,,900,hero|og|inline-1,local-business|service|breadcrumb-list,/service-areas/|/contact/|/service-areas/allen-tx/water-damage-restoration/|/service-areas/carrollton-tx/|/service-areas/dallas-tx/|/service-areas/garland-tx/,4.80,planned
/service-areas/carrollton-tx/,service-area,"Restoration Services in Carrollton, TX | Touch of Class Cleaning and Restoration ",Restoration Services in Carrollton,"Serving Carrollton, TX with water, fire, mold, and storm damage restoration. Experienced team. Call (979) 418-6099.",restoration services carrollton,carrollton restoration company|damage restoration carrollton|carrollton disaster restoration,local_commercial,,,900,hero|og|inline-1,local-business|service|breadcrumb-list,/service-areas/|/contact/|/service-areas/carrollton-tx/water-damage-restoration/|/service-areas/allen-tx/|/service-areas/dallas-tx/|/service-areas/garland-tx/,4.80,planned
/service-areas/dallas-tx/,service-area,"Restoration Services in Dallas, TX | Touch of Class Cleaning and Restoration ",Restoration Services in Dallas,"Serving Dallas, TX with water, fire, mold, and storm damage restoration. Experienced team. Call (979) 418-6099.",restoration services dallas,dallas restoration company|damage restoration dallas|dallas disaster restoration,local_commercial,,,900,hero|og|inline-1,local-business|service|breadcrumb-list,/service-areas/|/contact/|/service-areas/dallas-tx/water-damage-restoration/|/service-areas/allen-tx/|/service-areas/carrollton-tx/|/service-areas/garland-tx/,4.80,planned
/service-areas/garland-tx/,service-area,"Restoration Services in Garland, TX | Touch of Class Cleaning and Restoration ",Restoration Services in Garland,"Serving Garland, TX with water, fire, mold, and storm damage restoration. Experienced team. Call (979) 418-6099.",restoration services garland,garland restoration company|damage restoration garland|garland disaster restoration,local_commercial,,,900,hero|og|inline-1,local-business|service|breadcrumb-list,/service-areas/|/contact/|/service-areas/garland-tx/water-damage-restoration/|/service-areas/allen-tx/|/service-areas/carrollton-tx/|/service-areas/dallas-tx/,4.80,planned
/service-areas/mckinney-tx/,service-area,"Restoration Services in McKinney, TX | Touch of Class Cleaning and Restoration ",Restoration Services in McKinney,"Serving McKinney, TX with water, fire, mold, and storm damage restoration. Experienced team. Call (979) 418-6099.",restoration services mckinney,mckinney restoration company|damage restoration mckinney|mckinney disaster restoration,local_commercial,,,900,hero|og|inline-1,local-business|service|breadcrumb-list,/service-areas/|/contact/|/service-areas/mckinney-tx/water-damage-restoration/|/service-areas/allen-tx/|/service-areas/carrollton-tx/|/service-areas/dallas-tx/,4.80,planned
/service-areas/plano-tx/,service-area,"Restoration Services in Plano, TX | Touch of Class Cleaning and Restoration ",Restoration Services in Plano,"Serving Plano, TX with water, fire, mold, and storm damage restoration. Experienced team. Call (979) 418-6099.",restoration services plano,plano restoration company|damage restoration plano|plano disaster restoration,local_commercial,,,900,hero|og|inline-1,local-business|service|breadcrumb-list,/service-areas/|/contact/|/service-areas/plano-tx/water-damage-restoration/|/service-areas/allen-tx/|/service-areas/carrollton-tx/|/service-areas/dallas-tx/,4.80,planned
/service-areas/rowlett-tx/,service-area,"Restoration Services in Rowlett, TX | Touch of Class Cleaning and Restoration ",Restoration Services in Rowlett,"Serving Rowlett, TX with water, fire, mold, and storm damage restoration. Experienced team. Call (979) 418-6099.",restoration services rowlett,rowlett restoration company|damage restoration rowlett|rowlett disaster restoration,local_commercial,,,900,hero|og|inline-1,local-business|service|breadcrumb-list,/service-areas/|/contact/|/service-areas/rowlett-tx/water-damage-restoration/|/service-areas/allen-tx/|/service-areas/carrollton-tx/|/service-areas/dallas-tx/,4.80,planned
/service-areas/wylie-tx/,service-area,"Restoration Services in Wylie, TX | Touch of Class Cleaning and Restoration ",Restoration Services in Wylie,"Serving Wylie, TX with water, fire, mold, and storm damage restoration. Experienced team. Call (979) 418-6099.",restoration services wylie,wylie restoration company|damage restoration wylie|wylie disaster restoration,local_commercial,,,900,hero|og|inline-1,local-business|service|breadcrumb-list,/service-areas/|/contact/|/service-areas/wylie-tx/water-damage-restoration/|/service-areas/allen-tx/|/service-areas/carrollton-tx/|/service-areas/dallas-tx/,4.80,planned
/services/,services-hub,Restoration Services in Richardson | Touch of Class Cleaning and Restoration ,Our Restoration Services,"Full-service restoration in Richardson: water, fire, mold, storm, biohazard, and commercial restoration. Prompt scheduling. Call (979) 418-6099.",restoration services richardson,damage restoration services|property restoration services|disaster restoration,local_commercial,,,800,hero|og|inline-1,organization|website|local-business|breadcrumb-list,/|/services/fire-damage-restoration/|/services/mold-remediation/|/services/water-damage-restoration/|/services/commercial-restoration/|/services/emergency-water-removal/|/services/flood-damage-restoration/|/services/reconstruction/|/services/sewage-cleanup/|/services/smoke-damage-restoration/|/services/storm-damage-restoration/|/services/basement-flooding-cleanup/|/services/burst-pipe-repair/|/services/ceiling-water-damage-repair/|/services/general-contracting/|/services/large-loss-response/|/services/mold-inspection-testing/|/services/industrial-restoration/|/services/water-heater-flood-cleanup/|/services/water-leak-detection/,4.00,planned
/service-areas/,service-areas-hub,Service Areas | Touch of Class Cleaning and Restoration  Restoration,Areas We Serve,Touch of Class Cleaning and Restoration provides restoration services across Richardson and the surrounding region. Find your city.,touch of class cleaning and restoration  service areas,restoration service area|cities we serve|local restoration coverage,navigational_local,,,500,hero|og,organization|website|local-business|breadcrumb-list,/|/service-areas/allen-tx/|/service-areas/carrollton-tx/|/service-areas/dallas-tx/|/service-areas/garland-tx/|/service-areas/mckinney-tx/|/service-areas/plano-tx/|/service-areas/rowlett-tx/|/service-areas/wylie-tx/,3.50,planned
/blog/,blog-index,Restoration Blog | Touch of Class Cleaning and Restoration ,Restoration Resources and Insights,"Guides, checklists, and explainers from Touch of Class Cleaning and Restoration  on water, fire, mold, and storm damage restoration.",restoration blog richardson,restoration guides|damage restoration tips|restoration insights,informational_browse,,,300,hero|og,website|breadcrumb-list,/|/blog/burst-pipe-emergency-checklist/|/blog/what-to-do-first-24-hours-water-damage/|/blog/choosing-a-restoration-company/|/blog/does-homeowners-insurance-cover-water-damage/|/blog/fire-damage-restoration-process/|/blog/how-to-test-for-mold/|/blog/signs-of-hidden-mold/|/blog/black-mold-vs-regular-mold/,3.00,planned
/about/,about,About Touch of Class Cleaning and Restoration  | Richardson Restoration Company,About Touch of Class Cleaning and Restoration ,"Touch of Class Cleaning and Restoration has served Richardson since 2025. Meet our restoration team. Licensed, insured, locally owned.",touch of class cleaning and restoration  richardson,local restoration company|iicrc certified restoration|licensed restoration contractor,navigational_trust,,,700,hero|og|inline-1,organization|website|local-business|aggregate-rating|breadcrumb-list,/|/services/|/contact/,2.50,planned
/contact/,contact,Contact Touch of Class Cleaning and Restoration | Restoration in Richardson,Contact Touch of Class Cleaning and Restoration ,Call (979) 418-6099 for restoration services in Richardson and surrounding areas. Free estimates. Direct insurance billing.,touch of class cleaning and restoration  contact,restoration company contact,navigational_action,,,400,hero|og,organization|website|local-business|breadcrumb-list,/|/services/|/service-areas/,2.50,planned
/accessibility/,legal,Accessibility Statement | Touch of Class Cleaning and Restoration ,Accessibility Statement,Accessibility Statement | {brand.display_name}.,touch of class cleaning and restoration  accessibility,,navigational_legal,,,400,og,,,1.00,planned
/privacy/,legal,Privacy Policy | Touch of Class Cleaning and Restoration ,Privacy Policy,Privacy Policy | {brand.display_name}.,touch of class cleaning and restoration  privacy,,navigational_legal,,,600,og,,,1.00,planned
/terms/,legal,Terms of Service | Touch of Class Cleaning and Restoration ,Terms of Service,Terms of Service | {brand.display_name}.,touch of class cleaning and restoration  terms,,navigational_legal,,,600,og,,,1.00,planned
